"","Date","Open","High","Low","Close","Volume","Adj.Close"
"1","2015-12-30",4574.063965,4595.513184,4571.756836,4593.007812,2664263200,4593.007812
"2","2015-12-29",4552.140137,4569.36084,4552.103027,4569.36084,1948599600,4569.36084
"3","2015-12-28",4512.294922,4568.125,4511.617188,4557.35498,1987278400,4557.35498
"4","2015-12-23",4514.456055,4522.653809,4498.983887,4522.653809,2321690400,4522.653809
"5","2015-12-22",4494.309082,4517.567871,4487.734863,4517.567871,2523875800,4517.567871
"6","2015-12-21",4452.647949,4490.680176,4452.01709,4490.680176,2098469800,4490.680176
"7","2015-12-18",4512.209961,4514.535156,4467.062988,4468.653809,2588719600,4468.653809
"8","2015-12-17",4542.121094,4555.963867,4525.741211,4555.963867,2828921200,4555.963867
"9","2015-12-16",4450.717773,4483.453125,4429.787109,4483.453125,2628416800,4483.453125
"10","2015-12-15",4370.101074,4409.171875,4370.008789,4409.171875,2243449600,4409.171875
"11","2015-12-14",4360.893066,4374.190918,4330.759766,4374.190918,2141948400,4374.190918
"12","2015-12-11",4471.356934,4473.054199,4393.521973,4393.521973,1971946000,4393.521973
"13","2015-12-10",4441.565918,4473.77002,4438.196777,4466.209961,2373896000,4466.209961
"14","2015-12-08",4495.263184,4522.353027,4464.182129,4464.182129,2477109000,4464.182129
"15","2015-12-07",4523.908203,4553.650879,4521.39209,4521.39209,2140011400,4521.39209
"16","2015-12-04",4513.565918,4531.305176,4501.453125,4508.452148,2320208000,4508.452148
"17","2015-12-03",4526.490234,4548.827148,4518.816895,4537.381836,2112986600,4537.381836
"18","2015-12-02",4559.147949,4568.413086,4541.666016,4545.862793,2397462400,4545.862793
"19","2015-12-01",4504.222168,4557.667969,4504.222168,4557.667969,2499730800,4557.667969
"20","2015-11-30",4527.408203,4535.971191,4446.458008,4446.458008,4173153600,4446.458008
"21","2015-11-27",4599.081055,4606.800781,4541.96582,4560.560059,2251804400,4560.560059
"22","2015-11-26",4595.861816,4621.255859,4583.304199,4597.057129,2627098400,4597.057129
"23","2015-11-25",4557.472168,4585.545898,4557.39209,4585.545898,2461121400,4585.545898
"24","2015-11-24",4535.705078,4555.272949,4534.578125,4545.37793,2349627200,4545.37793
"25","2015-11-23",4570.160156,4590.314941,4541.065918,4541.065918,2530686600,4541.065918
"26","2015-11-20",4505.900879,4561.333984,4505.371094,4561.333984,3138378000,4561.333984
"27","2015-11-19",4517.582031,4530.895996,4513.352051,4518.939941,2839854400,4518.939941
"28","2015-11-18",4513.705078,4521.557129,4497.910156,4497.910156,2124001200,4497.910156
"29","2015-11-17",4474.522949,4520.695801,4474.522949,4500.946777,2675999800,4500.946777
"30","2015-11-16",4438.687012,4452.26416,4395.96582,4442.180176,2274113200,4442.180176
"31","2015-11-13",4442.015137,4490.336914,4435.250977,4472.837891,2727672600,4472.837891
"32","2015-11-12",4458.654785,4494.85498,4457.562988,4462.225098,2646369800,4462.225098
"33","2015-11-11",4450.214844,4463.308105,4425.878906,4451.588867,2842416000,4451.588867
"34","2015-11-10",4464.131836,4518.789062,4451.053223,4451.053223,3908593200,4451.053223
"35","2015-11-09",4553.418945,4555.569824,4491.041992,4499.506836,2380712200,4499.506836
"36","2015-11-06",4586.591797,4601.759766,4563.699219,4566.551758,2286719800,4566.551758
"37","2015-11-05",4600.643066,4614.257812,4574.130859,4577.23291,2429753200,4577.23291
"38","2015-11-04",4560.731934,4612.564941,4560.379883,4612.564941,3370892800,4612.564941
"39","2015-11-03",4496.660156,4546.383789,4496.660156,4533.085938,3316043600,4533.085938
"40","2015-11-02",4442.418945,4470.417969,4422.257812,4464.958984,2787304000,4464.958984
"41","2015-10-30",4462.971191,4480.598145,4441.334961,4455.180176,3370270800,4455.180176
"42","2015-10-29",4601.564941,4605.762207,4472.020996,4472.020996,3826756400,4472.020996
"43","2015-10-28",4647.390137,4657.410156,4594.745117,4608.740234,4067944400,4608.740234
"44","2015-10-27",4666.478027,4674.058105,4624.277832,4674.058105,2996040000,4674.058105
"45","2015-10-26",4683.111816,4696.157227,4675.060059,4691.710938,3744644000,4691.710938
"46","2015-10-23",4653.216797,4666.905762,4627.303223,4653.145996,4274952800,4653.145996
"47","2015-10-22",4613.765137,4616.221191,4582.150879,4584.562012,3917036000,4584.562012
"48","2015-10-21",4597.191895,4645.237793,4591.227051,4605.226074,4272461600,4605.226074
"49","2015-10-20",4566.836914,4608.35498,4562.01709,4585.824219,4575565200,4585.824219
"50","2015-10-19",4534.709961,4571.166016,4533.937988,4569.844238,4455944400,4569.844238
"51","2015-10-16",4530.280762,4544.817871,4501.062012,4521.881836,3764148400,4521.881836
"53","2015-10-13",4621.884766,4622.10791,4483.076172,4483.076172,4909813600,4483.076172
"54","2015-10-12",4596.876953,4639.942871,4595.942871,4630.707031,6596984000,4630.707031
"55","2015-10-09",4538.503906,4612.092773,4538.503906,4589.344238,6659067200,4589.344238
"56","2015-10-08",4502.096191,4537.25293,4484.675781,4491.433105,4013746000,4491.433105
"57","2015-10-07",4458.838867,4487.131836,4414.831055,4487.131836,4846353200,4487.131836
"58","2015-10-06",4381.274902,4464.900879,4381.274902,4445.780762,4734764800,4445.780762
"59","2015-10-05",4243.326172,4346.373047,4241.018066,4343.701172,3687221600,4343.701172
"60","2015-10-02",4243.966797,4252.673828,4207.798828,4207.798828,3529302800,4207.798828
"61","2015-10-01",4231.410156,4270.912109,4228.980957,4254.875977,3198882400,4254.875977
"62","2015-09-30",4189.474121,4223.908203,4168.224121,4223.908203,3685050400,4223.908203
"63","2015-09-29",4070.580078,4178.408203,4033.586914,4178.408203,3771684800,4178.408203
"64","2015-09-28",4197.939941,4199.462891,4120.50293,4120.50293,2843744200,4120.50293
"65","2015-09-25",4250.72998,4251.226074,4194.137207,4209.438965,3307883600,4209.438965
"66","2015-09-23",4308.756836,4308.979004,4239.134766,4244.426758,3419733600,4244.426758
"67","2015-09-22",4380.618164,4389.306152,4337.089844,4344.043945,3187401800,4344.043945
"68","2015-09-21",4352.367188,4382.240234,4343.413086,4376.082031,2782718800,4376.082031
"69","2015-09-18",4383.067871,4414.457031,4359.005859,4380.319824,4261098800,4380.319824
"70","2015-09-17",4346.058105,4389.36377,4341.823242,4378.384766,3114855600,4378.384766
"71","2015-09-16",4360.187988,4370.345215,4325.401855,4332.513184,3625093200,4332.513184
"72","2015-09-15",4372.870117,4376.782227,4334.61377,4347.160156,3334462200,4347.160156
"73","2015-09-14",4378.191895,4390.373047,4365.567871,4390.373047,2425324800,4390.373047
"74","2015-09-11",4363.449219,4381.654785,4360.36377,4360.467773,3210753200,4360.467773
"75","2015-09-10",4312.655762,4343.660156,4290.683105,4343.26123,3419897600,4343.26123
"76","2015-09-09",4347.484863,4366.245117,4323.556152,4347.276855,3658179600,4347.276855
"77","2015-09-08",4282.172852,4325.430176,4269.476074,4318.59082,3292284000,4318.59082
"78","2015-09-07",4397.222168,4398.008789,4297.820801,4301.365234,2863734800,4301.365234
"79","2015-09-04",4422.464844,4433.545898,4407.134766,4415.342773,2829458200,4415.342773
"80","2015-09-03",4427.953125,4445.808105,4404.875,4433.11084,3152570400,4433.11084
"81","2015-09-02",4367.810059,4417.371094,4350.48291,4401.292969,3559725600,4401.292969
"82","2015-09-01",4484.204102,4484.789062,4411.130859,4412.458984,2959970000,4412.458984
"83","2015-08-31",4447.00293,4509.606934,4442.690918,4509.606934,3315128800,4509.606934
"84","2015-08-28",4480.106934,4511.24707,4433.658203,4446.201172,4176151600,4446.201172
"85","2015-08-27",4295.696777,4433.458008,4295.696777,4430.631836,4545686400,4430.631836
"86","2015-08-26",4200.820801,4237.73291,4161.211914,4237.73291,3573908000,4237.73291
"87","2015-08-25",4182.216797,4301.774902,4182.022949,4228.500977,4495985200,4228.500977
"88","2015-08-24",4241.307129,4241.912109,4111.111816,4163.729004,3841952400,4163.729004
"89","2015-08-21",4401.668945,4401.668945,4335.953125,4335.953125,3350960000,4335.953125
"90","2015-08-20",4470.553223,4473.083008,4427.865234,4441.911133,3213185200,4441.911133
"91","2015-08-19",4502.194824,4529.250977,4476.126953,4484.242188,2736435000,4484.242188
"92","2015-08-18",4572.349121,4579.082031,4505.213867,4510.478027,3087145000,4510.478027
"93","2015-08-14",4587.51123,4594.567871,4559.85791,4585.391113,3196551200,4585.391113
"94","2015-08-13",4481.271973,4600.549805,4481.271973,4584.25,3796424000,4584.25
"95","2015-08-12",4572.047852,4572.047852,4455.719238,4479.491211,3717424800,4479.491211
"96","2015-08-11",4763.632812,4771.721191,4619.286133,4622.59082,4129172400,4622.59082
"97","2015-08-10",4761.405762,4764.73877,4720.913086,4748.949219,2917027200,4748.949219
"98","2015-08-07",4801.654785,4804.329102,4760.904785,4770.303223,2900340800,4770.303223
"99","2015-08-06",4855.939941,4868.074219,4806.563965,4806.563965,3069769200,4806.563965
"100","2015-08-05",4786.391113,4850.532227,4780.964844,4850.532227,3715033200,4850.532227
"101","2015-08-04",4784.151855,4805.820801,4771.88623,4781.086914,3143437200,4781.086914
"102","2015-08-03",4778.043945,4815.522949,4774.780762,4800.182129,2764801200,4800.182129
"103","2015-07-31",4721.658203,4802.528809,4721.466797,4802.528809,3249055600,4802.528809
"104","2015-07-30",4740.251953,4754.721191,4711.562988,4712.492188,3110994800,4712.492188
"105","2015-07-29",4733.817871,4765.734863,4720.400879,4721.121094,3106905000,4721.121094
"106","2015-07-28",4747.345215,4749.749023,4711.491211,4714.755859,3099580600,4714.755859
"107","2015-07-27",4833.145996,4848.704102,4771.285156,4771.285156,3374282000,4771.285156
"108","2015-07-24",4890.778809,4892.412109,4848.727051,4856.595215,2516975200,4856.595215
"109","2015-07-23",4897.205078,4913.041992,4889.831055,4902.845215,3109886600,4902.845215
"110","2015-07-22",4887.736816,4906.688965,4859.459961,4906.688965,2823552800,4906.688965
"111","2015-07-15",4894.948242,4897.859863,4854.453125,4869.849121,2602155600,4869.849121
"112","2015-07-14",4907.866211,4927.373047,4892.12207,4901.807129,3009241800,4901.807129
"113","2015-07-13",4862.912109,4898.13623,4861.314941,4893.916992,2477003400,4893.916992
"114","2015-07-10",4858.984863,4882.641113,4845.785156,4859.03418,3739313600,4859.03418
"115","2015-07-09",4849.801758,4855.133789,4811.904785,4838.28418,3382476000,4838.28418
"116","2015-07-08",4912.637207,4912.637207,4856.441895,4871.570801,4259974400,4871.570801
"117","2015-07-07",4918.283203,4927.550781,4891.047852,4906.049805,3336479000,4906.049805
"118","2015-07-06",4946.100098,4960.994141,4913.286133,4916.741211,3194584000,4916.741211
"119","2015-07-03",4940.276855,4982.910156,4937.40918,4982.910156,3739352400,4982.910156
"120","2015-07-02",4914.424805,4966.579102,4914.424805,4944.780762,4076242400,4944.780762
"121","2015-07-01",4924.065918,4932.433105,4904.062988,4904.062988,3328123800,4904.062988
"122","2015-06-30",4887.369141,4930.25,4874.069824,4910.658203,2798979600,4910.658203
"123","2015-06-29",4896.23291,4896.589844,4858.416016,4882.578125,2606552400,4882.578125
"124","2015-06-26",4917.026855,4942.325195,4897.89502,4923.004883,2549893400,4923.004883
"125","2015-06-25",4944.131836,4945.839844,4920.041992,4920.041992,3076894200,4920.041992
"126","2015-06-24",4953.25293,4973.480957,4938.129883,4953.516113,3780212800,4953.516113
"127","2015-06-23",4966.880859,4972.175781,4937.647949,4937.647949,2905044800,4937.647949
"128","2015-06-22",4992.041992,4992.041992,4957.346191,4959.251953,2383486600,4959.251953
"129","2015-06-19",4958.858887,4988.579102,4958.858887,4985.005859,2509105600,4985.005859
"130","2015-06-18",4947.962891,4964.404785,4932.918945,4945.499023,2927278800,4945.499023
"131","2015-06-17",4894.63623,4955.564941,4894.63623,4945.75293,3765870400,4945.75293
"132","2015-06-16",4847.38916,4892.504883,4826.129883,4872.599121,3396086800,4872.599121
"133","2015-06-15",4925.214844,4926.547852,4837.793945,4837.793945,3060194000,4837.793945
"134","2015-06-12",4933.878906,4947.50293,4916.024902,4935.816895,3255912800,4935.816895
"135","2015-06-11",4971.191895,4979.259766,4911.34082,4928.812012,3217722800,4928.812012
"136","2015-06-10",4914.743164,4974.024902,4912.833984,4933.557129,4387740800,4933.557129
"137","2015-06-09",5002.23291,5002.545898,4852.76416,4899.881836,3962655600,4899.881836
"138","2015-06-08",5086.353027,5088.929199,5006.429199,5014.992188,3472658000,5014.992188
"139","2015-06-05",5081.611816,5100.571777,5075.175781,5100.571777,2820107600,5100.571777
"140","2015-06-04",5121.553223,5143.224121,5094.518066,5095.820801,3241455600,5095.820801
"141","2015-06-03",5201.355957,5205.562012,5129.48584,5130.499023,3374877600,5130.499023
"142","2015-06-01",5212.133789,5215.549805,5183.323242,5213.815918,2997851200,5213.815918
"143","2015-05-29",5230.314941,5252.205078,5214.570801,5216.378906,5867470000,5216.378906
"144","2015-05-28",5263.313965,5278.416992,5232.934082,5237.400879,3315003600,5237.400879
"145","2015-05-27",5296.236816,5315.50293,5253.388184,5253.388184,3633964000,5253.388184
"146","2015-05-26",5285.065918,5347.132812,5284.109863,5320.900879,3770189200,5320.900879
"147","2015-05-25",5309.833984,5311.293945,5285.421875,5288.361816,3219856000,5288.361816
"148","2015-05-22",5319.964844,5329.021973,5298.856934,5315.152832,3188520800,5315.152832
"149","2015-05-21",5309.98584,5335.440918,5275.986816,5313.208008,4014591200,5313.208008
"150","2015-05-20",5288.209961,5312.903809,5278.101074,5292.749023,3883119600,5292.749023
"151","2015-05-19",5236.903809,5273.487793,5219.567871,5269.371094,3497895600,5269.371094
"152","2015-05-18",5222.435059,5239.871094,5218.353027,5237.811035,3894564400,5237.811035
"153","2015-05-15",5252.426758,5264.928223,5214.077148,5227.096191,3942042400,5227.096191
"154","2015-05-13",5217.14502,5254.86377,5199.208984,5246.132812,4707012000,5246.132812
"155","2015-05-12",5175.954102,5217.109863,5173.525879,5205.611816,4170292800,5205.611816
"156","2015-05-11",5200.810059,5215.280762,5172.481934,5172.481934,3686356800,5172.481934
"157","2015-05-08",5175.78418,5200.524902,5175.753906,5182.212891,4435963600,5182.212891
"158","2015-05-07",5155.328125,5183.491211,5137.815918,5150.48584,4833262400,5150.48584
"159","2015-05-06",5133.73584,5184.950195,5121.145996,5184.950195,3163394000,5184.950195
"160","2015-05-05",5153.759766,5202.082031,5130.638184,5160.308105,3883253200,5160.308105
"161","2015-05-04",5093.333984,5171.086914,5089.417969,5141.137207,3735144800,5141.137207
"162","2015-04-30",5087.924805,5141.49707,5030.255859,5086.424805,3871130000,5086.424805
"163","2015-04-29",5229.560059,5237.210938,5015.007812,5105.562988,4710286400,5105.562988
"164","2015-04-28",5211.138184,5242.157227,5164.741211,5242.157227,3604219200,5242.157227
"165","2015-04-27",5398.562012,5403.594238,5224.025879,5245.445801,4943398800,5245.445801
"166","2015-04-24",5451.775879,5464.34082,5424.76416,5435.35498,3122977600,5435.35498
"167","2015-04-23",5441.710938,5464.335938,5430.282227,5436.208984,3995937200,5436.208984
"168","2015-04-22",5452.460938,5458.202148,5426.205078,5437.119141,4210305200,5437.119141
"169","2015-04-21",5406.621094,5460.573242,5405.00293,5460.573242,4373074400,5460.573242
"170","2015-04-20",5406.763184,5407.062012,5383.25293,5400.803223,3958477600,5400.803223
"171","2015-04-17",5418.012207,5428.930176,5410.644043,5410.644043,3718378400,5410.644043
"172","2015-04-16",5420.890137,5428.222168,5401.679199,5420.73291,5264554800,5420.73291
"173","2015-04-15",5426.22998,5430.069824,5394.306152,5414.546875,4026615200,5414.546875
"174","2015-04-14",5438.528809,5448.448242,5397.728027,5419.106934,3964685200,5419.106934
"175","2015-04-13",5479.733887,5486.882812,5430.918945,5447.40918,3809344800,5447.40918
"176","2015-04-10",5504.242188,5509.000977,5471.398926,5491.339844,4389634000,5491.339844
"177","2015-04-09",5494.545898,5500.899902,5478.513184,5500.899902,4128758400,5500.899902
"178","2015-04-08",5513.979004,5518.800781,5476.891113,5486.583984,4180636000,5486.583984
"179","2015-04-07",5502.316895,5523.290039,5493.84082,5523.290039,4633408000,5523.290039
"180","2015-04-06",5467.696777,5489.603027,5465.606934,5480.030762,3508819200,5480.030762
"181","2015-04-02",5480.164062,5489.640137,5436.954102,5456.398926,4663220000,5456.398926
"182","2015-04-01",5516.797852,5524.036133,5454.533203,5466.867188,4434522400,5466.867188
"183","2015-03-31",5490.975098,5518.674805,5484.045898,5518.674805,4610963600,5518.674805
"184","2015-03-30",5415.279785,5459.746094,5411.969238,5438.655762,4545550000,5438.655762
"185","2015-03-27",5352.744141,5397.84082,5350.470215,5396.854004,3263159600,5396.854004
"186","2015-03-26",5381.02002,5413.287109,5368.670898,5368.799805,4677875200,5368.799805
"187","2015-03-25",5437.742188,5440.450195,5396.412109,5405.48877,5016012000,5405.48877
"188","2015-03-24",5440.587891,5457.945801,5434.463867,5447.647949,3881672000,5447.647949
"189","2015-03-23",5455.878906,5467.940918,5437.098145,5437.098145,5381109200,5437.098145
"190","2015-03-20",5433.150879,5453.692871,5423.277832,5443.064941,5168381600,5443.064941
"191","2015-03-19",5445.066895,5461.296875,5444.104004,5453.854004,4734546000,5453.854004
"192","2015-03-18",5425.809082,5435.040039,5412.956055,5413.150879,4171686800,5413.150879
"193","2015-03-17",5452.833008,5464.016113,5431.796875,5439.152832,4910415200,5439.152832
"194","2015-03-16",5415.467773,5449.942871,5415.467773,5435.270996,3542485200,5435.270996
"195","2015-03-13",5457.936035,5462.587891,5420.799805,5426.46582,4107393600,5426.46582
"196","2015-03-12",5418.191895,5449.603027,5417.599121,5439.832031,4386662400,5439.832031
"197","2015-03-11",5438.328125,5439.262207,5405.941895,5419.565918,5222211600,5419.565918
"198","2015-03-10",5437.128906,5471.282227,5407.566895,5462.928223,4679609600,5462.928223
"199","2015-03-09",5483.85791,5485.00293,5424.954102,5444.633789,4073314000,5444.633789
"200","2015-03-06",5467.147949,5514.787109,5460.88916,5514.787109,4247456000,5514.787109
"201","2015-03-05",5457.896973,5476.625977,5450.946777,5450.946777,4011808000,5450.946777
"202","2015-03-04",5477.824219,5484.855957,5435.435059,5448.059082,3846059200,5448.059082
"203","2015-03-03",5479.621094,5499.765137,5472.573242,5474.619141,4186089600,5474.619141
"204","2015-03-02",5452.831055,5477.831055,5451.567871,5477.831055,4156319200,5477.831055
"205","2015-02-27",5455.225098,5464.219238,5441.13916,5450.293945,4306059200,5450.293945
"206","2015-02-26",5429.484863,5459.067871,5429.484863,5454.795898,4124161600,5454.795898
"207","2015-02-25",5426.228027,5448.694824,5425.89502,5445.10791,4796830400,5445.10791
"208","2015-02-24",5399.658203,5422.439941,5397.783203,5417.313965,4057434400,5417.313965
"209","2015-02-23",5409.943848,5418.584961,5387.378906,5403.276855,3827427200,5403.276855
"210","2015-02-20",5399.432129,5427.313965,5398.348145,5400.104004,4084130800,5400.104004
"211","2015-02-18",5372.753906,5415.382812,5372.753906,5390.449219,5012582800,5390.449219
"212","2015-02-17",5325.684082,5342.924805,5319.464844,5337.500977,3363027200,5337.500977
"213","2015-02-16",5377.972168,5384.023926,5320.398926,5325.495117,3426804000,5325.495117
"214","2015-02-13",5363.98291,5380.836914,5352.952148,5374.165039,3570199200,5374.165039
"215","2015-02-12",5342.057129,5346.140137,5320.244141,5343.411133,4140418400,5343.411133
"216","2015-02-11",5336.657227,5345.081055,5327.893066,5336.519043,4563078000,5336.519043
"217","2015-02-10",5353.807129,5362.573242,5310.083008,5321.474121,4228540400,5321.474121
"218","2015-02-09",5341.758789,5375.087891,5333.22998,5348.470215,4043871600,5348.470215
"219","2015-02-06",5297.351074,5342.515137,5296.597168,5342.515137,4589112400,5342.515137
"220","2015-02-05",5309.12793,5314.286133,5254.036133,5279.89502,3918400000,5279.89502
"221","2015-02-04",5315.448242,5348.84082,5298.120117,5315.28418,5197634000,5315.28418
"222","2015-02-03",5287.623047,5310.112793,5282.057129,5291.717773,4389694400,5291.717773
"223","2015-02-02",5277.153809,5291.414062,5257.207031,5276.23584,3268610400,5276.23584
"224","2015-01-30",5290.387207,5298.459961,5281.581055,5289.403809,3829611600,5289.403809
"225","2015-01-29",5263.535156,5266.98877,5253.452148,5262.717773,3824442400,5262.717773
"226","2015-01-28",5272.221191,5279.914062,5263.544922,5268.852051,4387148400,5268.852051
"227","2015-01-27",5254.457031,5277.148926,5243.75293,5277.148926,3909135200,5277.148926
"228","2015-01-26",5302.63916,5309.523926,5208.421875,5260.023926,4623835200,5260.023926
"229","2015-01-23",5281.183105,5325.039062,5281.183105,5323.884766,5997008000,5323.884766
"230","2015-01-22",5215.640137,5267.571777,5215.025879,5253.183105,5853246400,5253.183105
"231","2015-01-21",5176.351074,5215.266113,5164.304199,5215.266113,3853158400,5215.266113
"232","2015-01-20",5154.370117,5166.089844,5121.814941,5166.089844,4581389600,5166.089844
"233","2015-01-19",5152.15918,5171.684082,5132.706055,5152.092773,4347921600,5152.092773
"234","2015-01-16",5182.01123,5204.493164,5148.378906,5148.378906,4481017600,5148.378906
"235","2015-01-15",5180.434082,5193.955078,5168.007812,5188.711914,5418008800,5188.711914
"236","2015-01-14",5217.204102,5225.022949,5159.667969,5159.667969,6397240000,5159.667969
"237","2015-01-13",5199.935059,5217.221191,5197.085938,5214.358887,7292129600,5214.358887
"238","2015-01-12",5202.749023,5220.249023,5183.213867,5187.933105,4766190000,5187.933105
"239","2015-01-09",5226.887207,5240.237793,5212.279785,5216.665039,7393040000,5216.665039
"240","2015-01-08",5218.399902,5230.179199,5208.993164,5211.828125,6916301600,5211.828125
"241","2015-01-07",5175.554199,5207.375977,5174.795898,5207.118164,7208839200,5207.118164
"242","2015-01-06",5186.204102,5194.803223,5169.060059,5169.060059,5151649600,5169.060059
"243","2015-01-05",5229.684082,5233.660156,5206.285156,5219.995117,4484602000,5219.995117
"244","2015-01-02",5233.795898,5247.937988,5230.75,5242.769043,3813300000,5242.769043
"245","2014-12-31",5177.942871,5226.946777,5175.64209,5226.946777,0,5226.946777
"246","2014-12-30",5177.942871,5226.946777,5175.64209,5226.946777,4668636000,5226.946777
"247","2014-12-29",5168.721191,5185.664062,5167.429199,5178.373047,3191469800,5178.373047
"248","2014-12-24",5141.37793,5175.382812,5140.967773,5166.98291,3670180000,5166.98291
"249","2014-12-23",5139.788086,5151.373047,5139.055176,5139.067871,4173190000,5139.067871
"250","2014-12-22",5161.019043,5167.020996,5125.771973,5125.771973,6044771200,5125.771973
"251","2014-12-19",5141.706055,5162.371094,5127.723145,5144.621094,6667904800,5144.621094
"252","2014-12-18",5076.226074,5113.345215,5076.226074,5113.345215,6373773600,5113.345215
"253","2014-12-17",5030.814941,5059.731934,5021.949219,5035.648926,5484104400,5035.648926
"254","2014-12-16",5067.950195,5069.263184,5005.274902,5026.027832,6795053600,5026.027832
"255","2014-12-15",5124.262207,5126.070801,5094.416016,5108.432129,6687456000,5108.432129
"256","2014-12-12",5151.161133,5178.515137,5150.584961,5160.433105,5157773600,5160.433105
"257","2014-12-11",5139.286133,5166.700195,5137.199219,5152.694824,4594402800,5152.694824
"258","2014-12-10",5121.580078,5168.72998,5121.580078,5165.407227,0,5165.407227
"259","2014-12-09",5132.90918,5142.816895,5122.312012,5122.312012,4987931600,5122.312012
"260","2014-12-08",5197.890137,5207.21582,5124.543945,5144.01416,5183423600,5144.01416
"261","2014-12-05",5185.250977,5206.224121,5185.214844,5187.994141,3973562800,5187.994141
"262","2014-12-04",5172.042969,5199.331055,5160.780762,5177.160156,4817668800,5177.160156
"263","2014-12-03",5180.26123,5187.350098,5157.152832,5166.043945,4660349200,5166.043945
"264","2014-12-02",5169.615234,5194.046875,5166.628906,5175.792969,4981680400,5175.792969
"265","2014-12-01",5150.379883,5167.690918,5134.753906,5164.288086,4499727200,5164.288086
"266","2014-11-28",5139.64209,5149.888184,5126.97998,5149.888184,5720875200,5149.888184
"267","2014-11-27",5134.702148,5148.413086,5134.702148,5145.314941,5311692800,5145.314941
"268","2014-11-26",5125.23877,5137.063965,5107.571777,5133.036133,4819645600,5133.036133
"269","2014-11-25",5137.03418,5149.479004,5118.944824,5118.944824,5196818400,5118.944824
"270","2014-11-24",5133.948242,5157.083984,5124.809082,5141.76416,5610406400,5141.76416
"271","2014-11-21",5091.048828,5122.821777,5084.095215,5112.044922,4899083200,5112.044922
"272","2014-11-20",5123.191895,5126.278809,5071.439941,5093.565918,3856786800,5093.565918
"273","2014-11-19",5114.154785,5140.978027,5111.695801,5127.933105,4903078000,5127.933105
"274","2014-11-18",5077.104004,5102.469238,5068.280762,5102.469238,4095725600,5102.469238
"275","2014-11-17",5037.299805,5073.762207,5037.035156,5053.942871,3507189200,5053.942871
"276","2014-11-14",5047.638184,5068.077148,5035.460938,5049.487793,2843486400,5049.487793
"277","2014-11-13",5046.498047,5052.48584,5029.620117,5048.667969,2857497600,5048.667969
"278","2014-11-12",5047.241211,5067.964844,5035.705078,5048.84082,3057628800,5048.84082
"279","2014-11-11",4971.120117,5043.520996,4970.498047,5032.28418,3523927200,5032.28418
"280","2014-11-10",4997.299805,5008.790039,4965.387207,4965.387207,3009163600,4965.387207
"281","2014-11-07",5033.365234,5040.971191,4979.195801,4987.423828,3811608000,4987.423828
"282","2014-11-06",5069.944824,5074.249023,5029.950195,5034.230957,3095617400,5034.230957
"283","2014-11-05",5075.244141,5087.243164,5052.007812,5066.832031,3822222000,5066.832031
"284","2014-11-04",5078.520996,5090.445801,5070.48584,5070.939941,3163115200,5070.939941
"285","2014-11-03",5102.537109,5103.698242,5060.315918,5085.508789,2937954000,5085.508789
"286","2014-10-31",5076.096191,5089.546875,5060.596191,5089.546875,3248979600,5089.546875
"287","2014-10-30",5072.905762,5076.287109,5032.375977,5058.849121,3449555200,5058.849121
"288","2014-10-29",5019.48584,5074.305176,5018.973145,5074.056152,3660158400,5074.056152
"289","2014-10-28",5028.329102,5032.549805,4995.85498,5001.304199,3170307200,5001.304199
"290","2014-10-27",5086.253906,5091.045898,5024.291992,5024.291992,2643968400,5024.291992
"291","2014-10-24",5098.291992,5107.26416,5062.903809,5073.067871,2834151200,5073.067871
"292","2014-10-23",5076.585938,5103.518066,5069.241211,5103.518066,3620509600,5103.518066
"293","2014-10-22",5055.494141,5079.234863,5054.388184,5074.323242,3272543600,5074.323242
"294","2014-10-21",5057.288086,5060.329102,5016.458984,5029.344238,2872288000,5029.344238
"295","2014-10-20",5068.583008,5101.212891,5040.532227,5040.532227,4163622400,5040.532227
"296","2014-10-17",4958.179199,5043.765137,4953.499023,5028.945801,4404320000,5028.945801
"297","2014-10-16",4933.293945,4976.620117,4924.573242,4951.61377,3245217600,4951.61377
"298","2014-10-15",4947.783203,4972.995117,4943.001953,4962.939941,3214653000,4962.939941
"299","2014-10-14",4902.458984,4941.596191,4900.717773,4922.582031,2670104800,4922.582031
"300","2014-10-13",4937.36377,4947.006836,4913.053223,4913.053223,2610009400,4913.053223
"301","2014-10-10",4948.28418,4971.028809,4933.384766,4962.959961,2808648400,4962.959961
"302","2014-10-09",4993.225098,5014.504883,4992.673828,4993.878906,3135350000,4993.878906
"303","2014-10-08",4992.419922,5004.562988,4958.519043,4958.519043,2986764200,4958.519043
"304","2014-10-07",5017.154785,5048.229004,5000.161133,5032.84082,3870868800,5032.84082
"305","2014-10-06",4975.204102,5006.338867,4946.696777,5000.138184,2388932800,5000.138184
"306","2014-10-03",5009.670898,5024.578125,4933.040039,4949.346191,3723924000,4949.346191
"307","2014-10-02",5107.109863,5107.109863,4996.961914,5000.809082,3939886000,5000.809082
"308","2014-10-01",5148.574219,5165.394043,5124.22998,5140.913086,4033148800,5140.913086
"309","2014-09-30",5115.812988,5151.005859,5102.411133,5137.579102,3724096400,5137.579102
"310","2014-09-29",5122.826172,5142.01123,5082.727051,5142.01123,3372723200,5142.01123
"311","2014-09-26",5143.032227,5143.032227,5105.319824,5132.562988,4053151200,5132.562988
"312","2014-09-25",5201.512207,5213.244141,5180.313965,5201.378906,3366138400,5201.378906
"313","2014-09-24",5190.098145,5207.202148,5174.006836,5174.006836,3625854000,5174.006836
"314","2014-09-23",5201.946777,5202.450195,5184.155762,5188.11377,3274456800,5188.11377
"315","2014-09-22",5219.326172,5228.90918,5208.952148,5219.803223,3002682800,5219.803223
"316","2014-09-19",5216.435059,5250.828125,5210.313965,5227.582031,4024324000,5227.582031
"317","2014-09-18",5196.398926,5216.577148,5186.925781,5208.14209,3183023800,5208.14209
"318","2014-09-17",5159.14209,5198.291016,5157.86084,5188.184082,3982734800,5188.184082
"319","2014-09-16",5151.788086,5156.727051,5130.50293,5130.50293,2983397400,5130.50293
"320","2014-09-15",5118.266113,5148.721191,5117.726074,5144.897949,3035596800,5144.897949
"321","2014-09-12",5135.10498,5156.973145,5127.728027,5143.710938,3184678400,5143.710938
"322","2014-09-11",5147.092773,5178.303223,5133.033203,5133.033203,4900271600,5133.033203
"323","2014-09-10",5190.25,5190.25,5129.733887,5142.991211,4402429200,5142.991211
"324","2014-09-09",5249.081055,5251.664062,5197.119141,5197.119141,3895809600,5197.119141
"325","2014-09-08",5241.233887,5262.567871,5241.143066,5246.48291,3276630200,5246.48291
"326","2014-09-05",5200.366211,5224.299805,5199.90918,5217.334961,3508229600,5217.334961
"327","2014-09-04",5225.289062,5232.663086,5195.403809,5205.321777,3533460400,5205.321777
"328","2014-09-03",5206.123047,5226.253906,5206.123047,5224.134766,3859792000,5224.134766
"329","2014-09-02",5179.332031,5201.950195,5179.332031,5201.585938,3506826400,5201.585938
"330","2014-09-01",5159.942871,5179.85498,5157.338867,5177.618164,2936904800,5177.618164
"331","2014-08-29",5175.263184,5192.829102,5136.862793,5136.862793,3348770800,5136.862793
"332","2014-08-28",5166.209961,5194.475098,5165.015137,5184.479004,3653332800,5184.479004
"333","2014-08-27",5144.961914,5171.382812,5144.961914,5165.24707,3263410000,5165.24707
"334","2014-08-26",5191.25293,5195.10791,5144.265137,5146.551758,4014668400,5146.551758
"335","2014-08-25",5194.474121,5200.009766,5177.689941,5184.956055,3387884800,5184.956055
"336","2014-08-22",5215.831055,5223.975098,5186.562012,5198.895996,3612021600,5198.895996
"337","2014-08-21",5190.166992,5206.13623,5154.686035,5206.13623,3522956000,5206.13623
"338","2014-08-20",5167.595215,5190.933105,5166.874023,5190.166992,3348684000,5190.166992
"339","2014-08-19",5171.553223,5178.326172,5160.153809,5165.167969,3742960800,5165.167969
"340","2014-08-18",5154.395996,5165.580078,5147.38623,5156.750977,3596645200,5156.750977
"341","2014-08-15",5155.588867,5161.35498,5144.073242,5148.961914,3366830400,5148.961914
"342","2014-08-14",5170.475098,5177.981934,5133.48877,5155.546875,4165100000,5155.546875
"343","2014-08-13",5137.195801,5168.269043,5134.230957,5168.269043,3565898400,5168.269043
"344","2014-08-12",5129.121094,5144.006836,5127.213867,5132.39502,4120244400,5132.39502
"345","2014-08-11",5090.773926,5113.23584,5087.986816,5113.23584,3287068400,5113.23584
"346","2014-08-08",5068.028809,5076.556152,5048.00293,5053.759766,2949595200,5053.759766
"347","2014-08-07",5052.091797,5068.417969,5043.524902,5066.978027,3906723200,5066.978027
"348","2014-08-06",5081.816895,5085.723145,5050.690918,5058.227051,3540112800,5058.227051
"349","2014-08-05",5123.064941,5124.98291,5091.293945,5109.086914,3707596000,5109.086914
"350","2014-08-04",5076.227051,5119.245117,5050.51709,5119.245117,3551351600,5119.245117
"351","2014-07-25",5104.556152,5110.171875,5059.992188,5088.801758,3843185200,5088.801758
"352","2014-07-24",5109.998047,5119.492188,5080.059082,5098.641113,3384862400,5098.641113
"353","2014-07-23",5104.830078,5139.666016,5087.220215,5093.22998,4140362800,5093.22998
"354","2014-07-22",5141.969238,5155.03418,5014.012207,5083.520996,5599456400,5083.520996
"355","2014-07-21",5107.461914,5129.98877,5107.461914,5127.123047,4756509200,5127.123047
"356","2014-07-18",5048.882812,5100.778809,5040.250977,5087.01416,3332014200,5087.01416
"357","2014-07-17",5128.506836,5136.777832,5039.347168,5071.202148,4149764800,5071.202148
"358","2014-07-16",5076.27002,5132.727051,5076.27002,5113.930176,5393410000,5113.930176
"359","2014-07-15",5032.958984,5070.820801,5032.958984,5070.820801,3845008000,5070.820801
"360","2014-07-14",5041.353027,5047.76123,4999.854004,5021.062988,3225298800,5021.062988
"361","2014-07-11",5073.144043,5078.703125,5002.984863,5032.599121,3587991200,5032.599121
"362","2014-07-10",5109.615234,5165.416016,5072.98291,5098.009766,7732344800,5098.009766
"363","2014-07-08",5008.462891,5050.559082,5008.153809,5024.711914,5892172800,5024.711914
"364","2014-07-07",4921.786133,4989.030762,4918.865234,4989.030762,5242722000,4989.030762
"365","2014-07-04",4884.441895,4917.671875,4884.441895,4905.825195,3780569600,4905.825195
"366","2014-07-03",4905.731934,4908.234863,4887.976074,4888.734863,3138622800,4888.734863
"367","2014-07-02",4887.850098,4908.273926,4879.199219,4908.273926,2759105400,4908.273926
"368","2014-07-01",4877.649902,4884.825195,4862.419922,4884.825195,3189429000,4884.825195
"369","2014-06-30",4847.204102,4878.582031,4845.605957,4878.582031,3439367600,4878.582031
"370","2014-06-27",4864.183105,4871.077148,4835.037109,4845.133789,3081549600,4845.133789
"371","2014-06-26",4846.981934,4872.419922,4846.213867,4872.419922,3035146400,4872.419922
"372","2014-06-25",4859.883789,4875.023926,4838.981934,4838.981934,2963160800,4838.981934
"373","2014-06-24",4847.425781,4869.018066,4847.425781,4862.240234,3176884400,4862.240234
"374","2014-06-23",4857.922852,4868.02002,4840.979004,4842.128906,2883619600,4842.128906
"375","2014-06-20",4874.973145,4884.48291,4847.701172,4847.701172,2463632000,4847.701172
"376","2014-06-19",4895.963867,4900.321777,4859.203125,4864.272949,2934136600,4864.272949
"377","2014-06-18",4906.544922,4906.669922,4881.950195,4887.859863,2741488800,4887.859863
"378","2014-06-17",4889.71582,4909.51709,4878.318848,4909.51709,2556769800,4909.51709
"379","2014-06-16",4924.067871,4929.551758,4880.160156,4885.458984,2697394000,4885.458984
"380","2014-06-13",4927.371094,4929.611816,4918.478027,4926.663086,2247064800,4926.663086
"381","2014-06-12",4963.116211,4965.882812,4920.986816,4934.407227,2723002200,4934.407227
"382","2014-06-11",4942.725098,4971.945801,4939.979004,4971.945801,2814984800,4971.945801
"383","2014-06-10",4893.707031,4946.089844,4893.707031,4946.089844,2475154400,4946.089844
"384","2014-06-09",4945.838867,4948.611816,4876.187988,4885.083008,3076235600,4885.083008
"385","2014-06-06",4931.495117,4958.432129,4928.895996,4937.175781,2595262200,4937.175781
"386","2014-06-05",4932.435059,4938.277832,4912.887207,4935.563965,2626990000,4935.563965
"387","2014-06-04",4933.118164,4946.887207,4919.916016,4932.563965,2704736800,4932.563965
"388","2014-06-03",4920.044922,4942.157227,4896.949219,4942.157227,3075328400,4942.157227
"389","2014-06-02",4900.973145,4912.09082,4875.619141,4912.09082,3087932200,4912.09082
"390","2014-05-30",4996.702148,4998.094238,4893.908203,4893.908203,4038538400,4893.908203
"391","2014-05-28",4959.543945,4988.185059,4957.813965,4985.578125,2895572400,4985.578125
"392","2014-05-26",4984.689941,4986.084961,4961.425781,4963.924805,2520005000,4963.924805
"393","2014-05-23",4973.541992,4977.49707,4959.169922,4973.057129,2841475200,4973.057129
"394","2014-05-22",4931.36084,4974.125,4926.074219,4969.881836,3854122000,4969.881836
"395","2014-05-21",4885.484863,4913.412109,4868.200195,4910.291992,3168841800,4910.291992
"396","2014-05-20",5009.618164,5010.204102,4865.323242,4895.955078,4034709600,4895.955078
"397","2014-05-19",5053.050781,5091.316895,4976.398926,5014.996094,4663376800,5014.996094
"398","2014-05-16",4983.286133,5031.570801,4977.173828,5031.570801,4226984800,5031.570801
"399","2014-05-14",4938.262207,4991.63623,4936.527832,4991.63623,4706700800,4991.63623
"400","2014-05-13",4933.662109,4941.245117,4902.803223,4921.394043,3236778800,4921.394043
"401","2014-05-12",4907.73877,4929.73291,4907.727051,4912.998047,3596736800,4912.998047
"402","2014-05-09",4865.526855,4898.138184,4863.490234,4898.138184,3384364800,4898.138184
"403","2014-05-08",4878.810059,4889.051758,4842.397949,4860.88916,3001818000,4860.88916
"404","2014-05-07",4833.316895,4869.588867,4828.216797,4862.068848,3210004000,4862.068848
"405","2014-05-06",4845.467773,4855.091797,4828.637207,4834.467773,2557590800,4834.467773
"406","2014-05-05",4842.530762,4856.336914,4838.074219,4842.50293,2831260400,4842.50293
"407","2014-05-02",4845.34082,4858.907227,4835.194824,4838.759766,3657438400,4838.759766
"408","2014-04-30",4834.234863,4846.231934,4827.481934,4840.145996,3485624000,4840.145996
"409","2014-04-29",4810.51416,4823.574219,4800.006836,4819.681152,3267973200,4819.681152
"410","2014-04-28",4895.835938,4901.847168,4818.757812,4818.757812,3221743000,4818.757812
"411","2014-04-25",4893.38623,4916.591797,4891.27002,4897.643066,3521388800,4897.643066
"412","2014-04-24",4891.682129,4916.23291,4880.848145,4891.079102,3662814800,4891.079102
"413","2014-04-23",4892.771973,4916.897949,4887.26709,4893.147949,3620966000,4893.147949
"414","2014-04-22",4889.867188,4898.206055,4858.819824,4898.206055,3136113000,4898.206055
"415","2014-04-21",4912.507812,4915.203125,4887.774902,4892.288086,2634393000,4892.288086
"416","2014-04-17",4897.196777,4906.287109,4883.272949,4897.051758,3045644600,4897.051758
"417","2014-04-16",4883.487793,4893.535156,4870.611816,4873.01123,4263442400,4873.01123
"418","2014-04-15",4872.298828,4893.230957,4863.013184,4870.214844,4069120000,4870.214844
"419","2014-04-14",4812.62793,4870.102051,4812.62793,4864.883789,3689940800,4864.883789
"420","2014-04-11",4734.305176,4816.576172,4721.596191,4816.576172,3826582400,4816.576172
"421","2014-04-10",4829.312988,4829.312988,4739.791992,4765.729004,6461975600,4765.729004
"422","2014-04-09",4922.600098,4933.112793,4906.071777,4921.403809,0,4921.403809
"423","2014-04-08",4922.600098,4933.112793,4906.071777,4921.403809,3740230800,4921.403809
"424","2014-04-07",4855.867188,4930.879883,4852.975098,4921.039062,4007883200,4921.039062
"425","2014-04-04",4894.334961,4899.206055,4839.259766,4857.943848,3529744000,4857.943848
"426","2014-04-03",4877.316895,4896.61084,4876.404785,4891.319824,4086991600,4891.319824
"427","2014-04-02",4878.339844,4902.10498,4857.682129,4870.205078,4789129200,4870.205078
"428","2014-04-01",4796.162109,4873.934082,4793.88916,4873.934082,4612041600,4873.934082
"429","2014-03-28",4737.633789,4769.220215,4737.221191,4768.276855,3889627200,4768.276855
"430","2014-03-27",4721.52002,4758.01123,4717.72998,4723.057129,3569001600,4723.057129
"431","2014-03-26",4708.253906,4744.895996,4707.859863,4728.240234,3402870400,4728.240234
"432","2014-03-25",4706.254883,4712.765137,4694.248047,4703.09082,3355007000,4703.09082
"433","2014-03-24",4712.120117,4727.62207,4695.35791,4720.419922,3251596000,4720.419922
"434","2014-03-21",4710.509766,4736.300781,4661.611816,4700.214844,4634042800,4700.214844
"435","2014-03-20",4807.716797,4808.930176,4691.141113,4698.973145,4682224400,4698.973145
"436","2014-03-19",4817.501953,4838.183105,4816.710938,4821.457031,4208930000,4821.457031
"437","2014-03-18",4878.538086,4895.499023,4802.019043,4805.611816,4825460800,4805.611816
"438","2014-03-17",4887.358887,4903.49707,4845.779785,4876.187988,6862476000,4876.187988
"439","2014-03-14",4693.815918,4878.643066,4676.231934,4878.643066,6418320800,4878.643066
"440","2014-03-13",4694.922852,4726.166992,4691.291016,4726.166992,5268334800,4726.166992
"441","2014-03-12",4680.705078,4698.475098,4667.39209,4684.384766,5066424800,4684.384766
"442","2014-03-11",4673.381836,4706.604004,4672.540039,4704.213867,5057192000,4704.213867
"443","2014-03-10",4665.240234,4689.344238,4654.578125,4677.246094,3683566400,4677.246094
"444","2014-03-07",4700.415039,4708.461914,4680.5,4685.890137,4413873200,4685.890137
"445","2014-03-06",4667.780762,4687.856934,4657.013184,4687.856934,4639271200,4687.856934
"446","2014-03-05",4621.125,4659.171875,4621.043945,4659.171875,3833006400,4659.171875
"447","2014-03-04",4581.308105,4602.199219,4568.654785,4601.28418,3372799200,4601.28418
"448","2014-03-03",4589.624023,4589.925781,4567.759766,4584.205078,2850611800,4584.205078
"449","2014-02-28",4581.438965,4620.21582,4579.544922,4620.21582,3586840800,4620.21582
"450","2014-02-27",4533.939941,4575.329102,4530.13623,4568.939941,3378388000,4568.939941
"451","2014-02-26",4562.490234,4571.055176,4520.221191,4532.720215,3852316000,4532.720215
"452","2014-02-25",4628.191895,4643.112793,4567.874023,4577.291016,3319054800,4577.291016
"453","2014-02-24",4652.776855,4665.26709,4622.929199,4623.574219,3274141200,4623.574219
"454","2014-02-21",4614.890137,4650.459961,4613.898926,4646.152832,3801249200,4646.152832
"455","2014-02-20",4583.569824,4598.221191,4574.972168,4598.221191,3606564800,4598.221191
"456","2014-02-19",4559.494141,4592.650879,4559.332031,4592.650879,4303290400,4592.650879
"457","2014-02-18",4558.979004,4570.305176,4550.00293,4556.190918,4443276000,4556.190918
"458","2014-02-17",4524.526855,4560.102051,4524.526855,4555.368164,4426538000,4555.368164
"459","2014-02-14",4504.650879,4512.749023,4498.266113,4508.043945,2863392000,4508.043945
"460","2014-02-13",4493.638184,4500.321777,4484.286133,4491.660156,2931782800,4491.660156
"461","2014-02-12",4489.602051,4502.187012,4480.971191,4496.286133,4053679200,4496.286133
"462","2014-02-11",4454.032227,4475.147949,4452.34082,4470.189941,3837099200,4470.189941
"463","2014-02-10",4485.462891,4502.774902,4449.041992,4450.748047,3690606400,4450.748047
"464","2014-02-07",4441.720215,4474.198242,4440.585938,4466.665039,3773466400,4466.665039
"465","2014-02-06",4386.542969,4424.708984,4385.295898,4424.708984,3427599200,4424.708984
"466","2014-02-05",4378.045898,4391.884766,4366.033203,4384.310059,2833520000,4384.310059
"467","2014-02-04",4335.279785,4367.300781,4320.783203,4352.255859,2348695600,4352.255859
"468","2014-02-03",4407,4410.776855,4377.541992,4386.258789,2183800800,4386.258789
"469","2014-01-30",4368.663086,4418.756836,4347.72998,4418.756836,2653974400,4418.756836
"470","2014-01-29",4355.924805,4432.348145,4355.924805,4417.349121,2926038000,4417.349121
"471","2014-01-28",4311.628906,4353.861816,4293.984863,4341.650879,2532395600,4341.650879
"472","2014-01-27",4357.733887,4360.353027,4286.443848,4322.779785,2695456800,4322.779785
"473","2014-01-24",4479.39209,4480.617188,4437.342773,4437.342773,2406845000,4437.342773
"474","2014-01-23",4495.47998,4510.21582,4483.246094,4496.041992,3157704200,4496.041992
"475","2014-01-22",4445.254883,4477.48877,4437.057129,4477.48877,3291638400,4477.48877
"476","2014-01-21",4442.345215,4457.516113,4440.240234,4452.499023,3286478000,4452.499023
"477","2014-01-20",4431.571777,4431.571777,4431.571777,4431.571777,0,4431.571777
"478","2014-01-17",4408.366211,4429.568848,4391.176758,4412.228027,2918989200,4412.228027
"479","2014-01-16",4455.544922,4457.76416,4411.905762,4412.48877,3210947200,4412.48877
"480","2014-01-15",4402.35791,4459.477051,4398.117188,4441.594238,4562949600,4441.594238
"481","2014-01-13",4294.193848,4393.319824,4292.333984,4390.770996,4904665600,4390.770996
"482","2014-01-10",4196.688965,4270.15918,4190.562988,4254.971191,2963737800,4254.971191
"483","2014-01-09",4199.967773,4216.821777,4189.121094,4201.217773,2758242000,4201.217773
"484","2014-01-08",4183.549805,4204.301758,4161.192871,4200.592773,2300216600,4200.592773
"485","2014-01-07",4206.296875,4212.316895,4175.806152,4175.806152,2384720000,4175.806152
"486","2014-01-06",4259.583008,4263.623047,4188.375,4202.809082,1972307800,4202.809082
"487","2014-01-03",4297.714844,4298.230957,4247.986816,4257.663086,2186911600,4257.663086
"488","2014-01-02",4294.495117,4327.265137,4287.808105,4327.265137,2312895600,4327.265137
"489","2013-12-30",4240.38916,4274.176758,4232.584961,4274.176758,2513838400,4274.176758
"490","2013-12-27",4209.731934,4233.852051,4207.944824,4212.97998,2062806400,4212.97998
"491","2013-12-24",4196.446777,4206.64209,4174.459961,4202.833984,1885008000,4202.833984
"492","2013-12-23",4201.708008,4205.185059,4154.117188,4189.60791,2123882400,4189.60791
"493","2013-12-20",4228.791992,4230.605957,4180.812012,4195.556152,2664794000,4195.556152
"494","2013-12-19",4228.041992,4257.167969,4208.50293,4231.97998,2911303000,4231.97998
"495","2013-12-18",4191.311035,4213.944824,4172.023926,4196.282227,2811519600,4196.282227
"496","2013-12-17",4147.905762,4196.663086,4147.905762,4182.346191,3696856400,4182.346191
"497","2013-12-16",4157.76123,4160.519043,4109.309082,4125.956055,3450764800,4125.956055
"498","2013-12-13",4213.663086,4214.587891,4163.861816,4174.830078,2729394400,4174.830078
"499","2013-12-12",4238.955078,4248.336914,4212.217773,4212.217773,2956670000,4212.217773
"500","2013-12-11",4273.939941,4282.10498,4235.416992,4271.743164,3257967000,4271.743164
"501","2013-12-10",4224.453125,4275.949219,4220.914062,4275.678223,3802827600,4275.678223
"502","2013-12-09",4210.200195,4227.231934,4192.470215,4214.341797,2766888000,4214.341797
"503","2013-12-06",4202.259766,4204.376953,4161.022949,4180.788086,2954521000,4180.788086
"504","2013-12-05",4238.007812,4242.10498,4186.943848,4216.894043,2999884000,4216.894043
"505","2013-12-04",4266.035156,4267.601074,4241.301758,4241.301758,3191220000,4241.301758
"506","2013-12-03",4318.342773,4320.059082,4269.345215,4288.76416,3053619000,4288.76416
"507","2013-12-02",4269.077148,4331.589844,4265.598145,4321.977051,3866704400,4321.977051
"508","2013-11-29",4220.270996,4256.436035,4218.542969,4256.436035,2730447000,4256.436035
"509","2013-11-28",4264.201172,4274.52002,4202.918945,4233.924805,2929833600,4233.924805
"510","2013-11-27",4259.326172,4272.433105,4220.049805,4251.48877,2790126000,4251.48877
"511","2013-11-26",4329.551758,4332.387207,4235.26123,4235.26123,5213520000,4235.26123
"512","2013-11-25",4329.381836,4346.658203,4316.734863,4334.803223,2571409000,4334.803223
"513","2013-11-22",4352.551758,4359.581055,4303.529785,4317.959961,2550912400,4317.959961
"514","2013-11-21",4327.808105,4338.148926,4300.133789,4326.205078,2479265600,4326.205078
"515","2013-11-20",4408.39502,4408.39502,4331.605957,4350.786133,3003496400,4350.786133
"516","2013-11-19",4391.234863,4405.067871,4365.022949,4398.335938,3083220400,4398.335938
"517","2013-11-18",4361.223145,4403.555176,4360.862793,4393.591797,3018332400,4393.591797
"518","2013-11-15",4388.908203,4406.63623,4322.081055,4335.448242,3268667600,4335.448242
"519","2013-11-14",4323.878906,4382.904785,4323.878906,4367.371094,3605376800,4367.371094
"520","2013-11-13",4358.486816,4358.486816,4284.029785,4301.891113,3250460000,4301.891113
"521","2013-11-12",4449.276855,4455.161133,4371.024902,4380.640137,3692280800,4380.640137
"522","2013-11-11",4473.87793,4485.057129,4433.211914,4441.724121,3642900400,4441.724121
"523","2013-11-08",4460.643066,4484.97998,4446.483887,4476.720215,3576991600,4476.720215
"524","2013-11-07",4454.407227,4494.348145,4451.384766,4486.108887,3095404400,4486.108887
"525","2013-11-06",4428.820801,4449.759766,4415.74707,4449.759766,2690530400,4449.759766
"526","2013-11-04",4426.53418,4446.330078,4403.395996,4423.288086,2425877000,4423.288086
"527","2013-11-01",4473.72998,4518.653809,4432.588867,4432.588867,3494092400,4432.588867
"528","2013-10-31",4533.757812,4547.349121,4483.623047,4510.630859,3764684800,4510.630859
"529","2013-10-30",4563.706055,4579.416992,4541.762207,4574.87793,3015842400,4574.87793
"530","2013-10-29",4581.101074,4592.524902,4543.411133,4562.77002,3053128400,4562.77002
"531","2013-10-28",4594.004883,4611.26416,4573.39502,4590.538086,3398212400,4590.538086
"532","2013-10-25",4579.36377,4604.207031,4567.405762,4580.846191,3693656000,4580.846191
"533","2013-10-24",4537.561035,4594.845215,4533.347168,4594.845215,4364612000,4594.845215
"534","2013-10-23",4530.13623,4609.108887,4530.13623,4546.499023,4103303600,4546.499023
"535","2013-10-22",4551.227051,4559.50293,4499.685059,4512.743164,3071937000,4512.743164
"536","2013-10-21",4557.609863,4584.98291,4549.929199,4578.178223,4002371200,4578.178223
"537","2013-10-18",4519.185059,4546.570801,4501.153809,4546.570801,4222027200,4546.570801
"538","2013-10-17",4525.152832,4550.542969,4501.626953,4518.930176,4134583200,4518.930176
"539","2013-10-16",4527.809082,4533.033203,4484.375,4492.26123,2532377000,4492.26123
"540","2013-10-11",4523.928223,4543.733887,4506.851074,4519.912109,3386487200,4519.912109
"541","2013-10-10",4481.263184,4503.075195,4477.457031,4486.678223,3908083600,4486.678223
"542","2013-10-09",4420.634766,4469.240234,4409.617188,4457.437988,3999435600,4457.437988
"543","2013-10-08",4359.027832,4439.722168,4358.019043,4432.506836,3636659200,4432.506836
"544","2013-10-07",4392.545898,4409.76709,4357.456055,4374.958984,3091710000,4374.958984
"545","2013-10-04",4408.745117,4412.166016,4373.013184,4389.347168,2708647600,4389.347168
"546","2013-10-03",4396.520996,4422.779785,4395.748047,4418.643066,2671040000,4418.643066
"547","2013-10-02",4372.01416,4425.922852,4372.01416,4387.604004,3185435000,4387.604004
"548","2013-10-01",4314.960938,4379.681152,4314.960938,4345.898926,3090900000,4345.898926
"549","2013-09-30",4385.506836,4403.380859,4313.285156,4316.175781,3056890000,4316.175781
"550","2013-09-27",4436.76416,4452.882812,4412.28418,4423.719238,2654458400,4423.719238
"551","2013-09-26",4402.946777,4470.25293,4395.812012,4405.893066,3713120000,4405.893066
"552","2013-09-25",4390.237793,4443.370117,4353.224121,4406.76709,3445498000,4406.76709
"553","2013-09-24",4548.547852,4574.577148,4443.408203,4460.413086,4098431200,4460.413086
"554","2013-09-23",4526.803223,4562.856934,4512.205078,4562.856934,3482981600,4562.856934
"555","2013-09-20",4655.519043,4669.721191,4576.319824,4583.828125,4387711200,4583.828125
"556","2013-09-19",4576.570801,4791.765137,4576.570801,4670.73291,8323665600,4670.73291
"557","2013-09-18",4501.960938,4505.081055,4448.076172,4463.253906,4909932800,4463.253906
"558","2013-09-17",4518.258789,4536.926758,4479.294922,4517.620117,5181908000,4517.620117
"559","2013-09-16",4403.39502,4522.23877,4403.39502,4522.23877,5450444400,4522.23877
"560","2013-09-13",4338.790039,4375.539062,4318.222168,4375.539062,3870631200,4375.539062
"561","2013-09-12",4331.291992,4372.103027,4318.595215,4356.60498,4487172800,4356.60498
"562","2013-09-11",4377.100098,4404.745117,4289.806152,4349.418945,5191052400,4349.418945
"563","2013-09-10",4226.144043,4358.143066,4225.804199,4358.143066,6772690400,4358.143066
"564","2013-09-09",4105.944824,4191.257812,4102.423828,4191.257812,4167493600,4191.257812
"565","2013-09-06",4058.456055,4072.354004,4012.680908,4072.354004,3292601600,4072.354004
"566","2013-09-05",4094.149902,4123.728027,4015.436035,4050.864014,3881655200,4050.864014
"567","2013-09-04",4143.736816,4144.625,4069.697021,4073.455078,4620103600,4073.455078
"568","2013-09-03",4112.632812,4172.325195,4110.155762,4164.012207,3977986000,4164.012207
"569","2013-09-02",4196.721191,4206.950195,4061.638916,4101.23291,3556624400,4101.23291
"570","2013-08-30",4099.259766,4195.088867,4093.794922,4195.088867,4668788800,4195.088867
"571","2013-08-29",4041.496094,4103.592773,4026.855957,4103.592773,4577416000,4103.592773
"572","2013-08-28",3902.470947,4033.611084,3837.735107,4026.475098,4977672000,4026.475098
"573","2013-08-27",4099.367188,4100.182129,3954.861084,3967.842041,4156996800,3967.842041
"574","2013-08-26",4176.746094,4196.191895,4120.668945,4120.668945,3468430000,4120.668945
"575","2013-08-23",4196.097168,4239.879883,4151.51123,4169.827148,4104094000,4169.827148
"576","2013-08-22",4167.449219,4192.178223,4107.647949,4171.413086,5913409600,4171.413086
"577","2013-08-21",4184.228027,4261.438965,4150.242188,4218.448242,5090712800,4218.448242
"578","2013-08-20",4259.597168,4259.597168,4062.300049,4174.98291,5402594400,4174.98291
"579","2013-08-19",4534.312988,4536.144043,4310.687988,4313.518066,3906464400,4313.518066
"580","2013-08-16",4647.276855,4647.276855,4568.480957,4568.653809,3289657600,4568.653809
"581","2013-08-15",4682.970215,4686.287109,4664.102051,4685.128906,2800799600,4685.128906
"582","2013-08-14",4658.683105,4699.73291,4649.348145,4699.73291,3467140800,4699.73291
"583","2013-08-13",4597.187012,4652.396973,4597.187012,4652.396973,2968920000,4652.396973
"584","2013-08-12",4629.380859,4634.212891,4581.854004,4597.779785,2595198400,4597.779785
"585","2013-08-09",4718.103027,4718.103027,4718.103027,4718.103027,0,4718.103027
"586","2013-08-02",4645.246094,4658.434082,4619.078125,4640.780762,2705466000,4640.780762
"587","2013-08-01",4618.963867,4632.428223,4592.092773,4624.335938,2848430400,4624.335938
"588","2013-07-31",4625.640137,4636.049805,4563.138184,4610.376953,2919747600,4610.376953
"589","2013-07-30",4601.108887,4637.879883,4599.804199,4608.48877,2525170000,4608.48877
"590","2013-07-29",4649.104004,4649.150879,4575.407227,4580.466797,2225605600,4580.466797
"591","2013-07-26",4679.700195,4700.13916,4647.501953,4658.874023,2265767000,4658.874023
"592","2013-07-25",4720.290039,4722.375,4665.881836,4674.117188,0,4674.117188
"593","2013-07-24",4760.405762,4779.341797,4677.88916,4718.103027,2813738400,4718.103027
"594","2013-07-23",4696.782227,4767.15918,4696.782227,4767.15918,3301307600,4767.15918
"595","2013-07-22",4731.275879,4740.309082,4677.658203,4678.98291,0,4678.98291
"596","2013-07-19",4709.833984,4740.058105,4706.469238,4724.411133,0,4724.411133
"597","2013-07-18",4672.279785,4720.435059,4671.027832,4720.435059,3436540400,4720.435059
"598","2013-07-17",4652.126953,4679.439941,4643.329102,4679.000977,3920303200,4679.000977
"599","2013-07-16",4632.133789,4663.849121,4621.462891,4644.039062,3706424000,4644.039062
"600","2013-07-15",4639.809082,4641.008789,4582.125977,4635.729004,2592388400,4635.729004
"601","2013-07-12",4614.481934,4679.530762,4592.983887,4633.10791,0,4633.10791
"602","2013-07-10",4414.169922,4495.162109,4413.59082,4478.644043,3941629600,4478.644043
"603","2013-07-09",4462.808105,4482.243164,4403.799805,4403.799805,3100523000,4403.799805
"604","2013-07-08",4578.717773,4580.086914,4433.625,4433.625,2947534000,4433.625
"605","2013-07-05",4623.942871,4647.271973,4581.888184,4602.807129,0,4602.807129
"606","2013-07-04",4597.451172,4644.827148,4581.684082,4581.933105,2568929600,4581.933105
"607","2013-07-03",4713.685059,4715.544922,4577.123047,4577.152832,2699113600,4577.152832
"608","2013-07-02",4806.116211,4810.569824,4724.866211,4728.704102,0,4728.704102
"609","2013-07-01",4757.182129,4815.725098,4747.975098,4777.452148,0,4777.452148
"610","2013-06-28",4722.476074,4818.89502,4721.576172,4818.89502,0,4818.89502
"611","2013-06-27",4644.036133,4732.984863,4644.036133,4675.749023,0,4675.749023
"612","2013-06-26",4478.632812,4620.852051,4470.030762,4587.728027,0,4587.728027
"613","2013-06-25",4463.321777,4496.554199,4373.376953,4418.87207,3485191200,4418.87207
"614","2013-06-24",4524.240234,4561.549805,4429.459961,4429.459961,3448450400,4429.459961
"615","2013-06-21",4550.243164,4561.903809,4474.962891,4515.37207,0,4515.37207
"616","2013-06-20",4743.094238,4743.094238,4619.848145,4629.994141,4191976400,4629.994141
"617","2013-06-19",4847.937988,4880.400879,4801.200195,4806.655762,0,4806.655762
"618","2013-06-18",4794.895996,4862.009766,4794.820801,4840.452148,4659277600,4840.452148
"619","2013-06-17",4755.570801,4804.50293,4751.619141,4774.503906,3502811600,4774.503906
"620","2013-06-14",4647.740234,4777.09082,4647.740234,4760.744141,0,4760.744141
"621","2013-06-13",4637.910156,4670.733887,4568.117188,4607.663086,4611140800,4607.663086
"622","2013-06-12",4578.39502,4697.883789,4510.97998,4697.883789,5719222400,4697.883789
"623","2013-06-11",4774.483887,4781.243164,4573.286133,4609.948242,5404204800,4609.948242
"624","2013-06-10",4894.422852,4915.925781,4750.951172,4777.365234,0,4777.365234
"625","2013-06-07",4984.323242,4985.567871,4865.324219,4865.324219,0,4865.324219
"626","2013-06-05",5002.742188,5002.924805,4952.76123,5001.221191,4380804800,5001.221191
"627","2013-06-04",4971.964844,5021.611816,4936.562988,5021.611816,5827359200,5021.611816
"628","2013-06-03",5053.544922,5055.832031,4958.805176,4971.354004,0,4971.354004
"629","2013-05-31",5135.24707,5149.337891,5068.62793,5068.62793,0,5068.62793
"630","2013-05-30",5178.638184,5178.638184,5111.153809,5129.646973,0,5129.646973
"631","2013-05-29",5189.428223,5225.076172,5153.09082,5200.692871,5237461600,5200.692871
"632","2013-05-28",5072.23291,5186.816895,5072.23291,5176.234863,5956440000,5176.234863
"633","2013-05-27",5145.178223,5150.684082,5076.185059,5085.13623,4467874400,5085.13623
"634","2013-05-24",5131.693848,5174.670898,5130.566895,5155.092773,0,5155.092773
"635","2013-05-23",5203.329102,5209.13916,5089.929199,5121.402832,6351801600,5121.402832
"636","2013-05-22",5188.520996,5235.759766,5185.554199,5207.999023,0,5207.999023
"637","2013-05-21",5225.589844,5251.295898,5161.994141,5188.758789,4979193600,5188.758789
"638","2013-05-20",5164.938965,5243.506836,5164.938965,5214.976074,0,5214.976074
"639","2013-05-17",5077.524902,5162.380859,5075.018066,5145.683105,0,5145.683105
"640","2013-05-16",5091.564941,5113.13916,5076.971191,5078.678223,4461315200,5078.678223
"641","2013-05-15",5085.646973,5103.888184,5077.833984,5089.879883,0,5089.879883
"642","2013-05-14",5049.495117,5081.939941,5037.404785,5081.939941,0,5081.939941
"643","2013-05-13",5101.898926,5102.505859,5030.444824,5054.62793,3565725600,5054.62793
"644","2013-05-10",5090.963867,5115.643066,5083.227051,5105.937012,0,5105.937012
"645","2013-05-08",5043.262207,5089.334961,5041.370117,5089.334961,0,5089.334961
"646","2013-05-07",4991.540039,5042.789062,4985.538086,5042.789062,4773398400,5042.789062
"647","2013-05-06",4933.508789,4996.450195,4933.508789,4991.871094,0,4991.871094
"648","2013-05-03",4991.75,5006.50293,4907.597168,4925.48291,0,4925.48291
"649","2013-05-02",5047.828125,5062.649902,4992.151855,4994.045898,4714428400,4994.045898
"650","2013-05-01",5020.195801,5062.672852,5012.155762,5060.918945,5184054400,5060.918945
"651","2013-04-30",5000.595215,5034.070801,4977.50293,5034.070801,0,5034.070801
"652","2013-04-29",4986.303223,5001.887207,4981.210938,4999.751953,3597978000,4999.751953
"653","2013-04-26",4992.12793,5005.617188,4978.506836,4978.506836,0,4978.506836
"654","2013-04-25",5002.50293,5016.035156,4962.441895,4994.522949,0,4994.522949
"655","2013-04-24",4994.219238,5011.606934,4987.104004,5011.606934,3589326400,5011.606934
"656","2013-04-23",4997.471191,4999.193848,4971.103027,4975.330078,0,4975.330078
"657","2013-04-22",5004.117188,5026.918945,4973.583984,4996.922852,0,4996.922852
"658","2013-04-19",5004.678223,5023.707031,4985.966797,4998.460938,0,4998.460938
"659","2013-04-18",4982.054199,5012.638184,4975.288086,5012.638184,5291298400,5012.638184
"660","2013-04-17",4956.583008,4998.652832,4953.473145,4998.652832,3856482000,4998.652832
"661","2013-04-15",4921.944824,4924.654785,4891.047852,4894.591797,2781917600,4894.591797
"662","2013-04-12",4925.874023,4949.837891,4925.841797,4937.209961,0,4937.209961
"663","2013-04-11",4887.195801,4924.263184,4885.786133,4924.263184,4516056800,4924.263184
"664","2013-04-10",4909.051758,4910.098145,4864.86377,4877.475098,0,4877.475098
"665","2013-04-09",4909.930176,4930.074219,4881.85498,4899.586914,4440678400,4899.586914
"666","2013-04-08",4924.374023,4934.452148,4872.556152,4897.520996,4306084400,4897.520996
"667","2013-04-05",4932.208008,4948.75,4907.629883,4926.067871,0,4926.067871
"668","2013-04-04",4970.538086,4971.070801,4922.61084,4922.61084,5164302000,4922.61084
"669","2013-04-03",4972.394043,4985.852051,4948.080078,4981.46582,7076478400,4981.46582
"670","2013-04-02",4944.893066,4968.311035,4942.806152,4957.250977,7974907200,4957.250977
"671","2013-04-01",4927.124023,4953.398926,4922.544922,4937.575195,5292931600,4937.575195
"672","2013-03-28",4921.314941,4940.98584,4898.433105,4940.98584,4708994400,4940.98584
"673","2013-03-27",4854.479004,4928.102051,4853.875977,4928.102051,6721596000,4928.102051
"674","2013-03-26",4802.161133,4861.759766,4798.996094,4842.519043,0,4842.519043
"675","2013-03-25",4754.758789,4786.404785,4752.14209,4777.900879,4898754400,4777.900879
"676","2013-03-22",4799.187988,4816.463867,4721.315918,4723.15918,0,4723.15918
"677","2013-03-21",4833.763184,4855.201172,4786.773926,4802.666016,7493670400,4802.666016
"678","2013-03-20",4835.308105,4843.387207,4805.494141,4831.5,6745599200,4831.5
"679","2013-03-19",4815.595215,4840.661133,4812.874023,4822.626953,6048449600,4822.626953
"680","2013-03-18",4812.164062,4822.201172,4782.000977,4802.826172,0,4802.826172
"681","2013-03-15",4803.580078,4854.528809,4803.580078,4819.324219,0,4819.324219
"682","2013-03-14",4830.276855,4830.394043,4757.354004,4786.367188,0,4786.367188
"683","2013-03-13",4850.769043,4868.903809,4815.851074,4835.438965,0,4835.438965
"684","2013-03-11",4875.97998,4886.520996,4847.818848,4854.312012,5254104800,4854.312012
"685","2013-03-08",4854.01416,4904.477051,4853.145996,4874.495117,0,4874.495117
"686","2013-03-07",4823.240234,4848.549805,4818.970215,4848.299805,0,4848.299805
"687","2013-03-06",4769.890137,4835.069824,4767.930176,4824.680176,0,4824.680176
"688","2013-03-05",4764.995117,4779.551758,4751.475098,4751.701172,0,4751.701172
"689","2013-03-01",4798.490234,4817.914062,4777.975098,4811.612793,0,4811.612793
"690","2013-02-28",4739.388184,4795.789062,4734.831055,4795.789062,0,4795.789062
"691","2013-02-27",4674.65918,4721.859863,4674.080078,4716.415039,6101344400,4716.415039
"692","2013-02-26",4684.736816,4684.996094,4646.588867,4663.030762,5648325600,4663.030762
"693","2013-02-25",4661.626953,4696.106934,4656.26123,4696.106934,5948816400,4696.106934
"694","2013-02-22",4629.63623,4651.123047,4626.321777,4651.123047,0,4651.123047
"695","2013-02-21",4620.73584,4656.12793,4617.568848,4632.403809,6886319200,4632.403809
"696","2013-02-20",4612.452148,4634.451172,4610.757812,4634.451172,8067151200,4634.451172
"697","2013-02-19",4612.450195,4630.120117,4610.759766,4626.990234,0,4626.990234
"698","2013-02-18",4611.169922,4630.399902,4602.470215,4612.049805,0,4612.049805
"699","2013-02-15",4588.64502,4616.000977,4588.23584,4609.786133,0,4609.786133
"700","2013-02-13",4552.861816,4586.97998,4551.417969,4571.567871,0,4571.567871
"701","2013-02-12",4505.506836,4548.541992,4503.555176,4548.243164,3533755600,4548.243164
"702","2013-02-11",4504.716797,4514.121094,4496.015137,4503.24707,2779326000,4503.24707
"703","2013-02-08",4516.703125,4528.262207,4487.839844,4491.26709,0,4491.26709
"704","2013-02-07",4501.121094,4514.868164,4493.960938,4503.147949,0,4503.147949
"705","2013-02-06",4493.957031,4508.116211,4483.060059,4498.976074,5121691200,4498.976074
"706","2013-02-05",4473.109863,4492.529785,4458.685059,4479.440918,0,4479.440918
"707","2013-02-04",4497.98291,4518.953125,4469.916016,4490.564941,0,4490.564941
"708","2013-02-01",4458.598145,4519.458984,4457.446777,4481.633789,0,4481.633789
"709","2013-01-31",4450.044922,4457.663086,4431.161133,4453.703125,4987692800,4453.703125
"710","2013-01-30",4444.974121,4456.934082,4433.645996,4452.975098,3909224000,4452.975098
"711","2013-01-29",4431.428223,4439.605957,4423.810059,4439.029785,3478500000,4439.029785
"712","2013-01-28",4437.407227,4444.288086,4384.931152,4416.937012,3202100400,4416.937012
"713","2013-01-25",4426.376953,4440.105957,4412.472168,4437.598145,0,4437.598145
"714","2013-01-23",4425.23877,4441.844238,4390.125,4418.727051,3066339000,4418.727051
"715","2013-01-22",4427.015137,4441.61377,4399.757812,4416.547852,0,4416.547852
"716","2013-01-21",4463.445801,4472.10791,4427.769043,4439.974121,2990729000,4439.974121
"717","2013-01-18",4407.291016,4465.483887,4405.538086,4465.483887,0,4465.483887
"718","2013-01-17",4407.111816,4421.34082,4390.019043,4398.382812,2398171600,4398.382812
"719","2013-01-16",4396.564941,4410.963867,4387.664062,4410.963867,4718436000,4410.963867
"720","2013-01-15",4388.39209,4400.824219,4373.349121,4400.824219,2943120400,4400.824219
"721","2013-01-14",4322.13623,4382.498047,4313.957031,4382.498047,0,4382.498047
"722","2013-01-11",4325.237793,4341.759766,4301.490234,4305.912109,0,4305.912109
"723","2013-01-10",4368.754883,4377.140137,4298.611816,4317.365234,3328685000,4317.365234
"724","2013-01-09",4404.341797,4411.765137,4349.786133,4362.928223,0,4362.928223
"725","2013-01-07",4407.72998,4427.651855,4387.487793,4392.378906,4017944000,4392.378906
"726","2013-01-04",4406.931152,4418.483887,4389.71582,4410.02002,0,4410.02002
"727","2013-01-03",4356.411133,4401.333984,4356.411133,4399.257812,4326774400,4399.257812
"728","2013-01-02",4322.582031,4364.665039,4316.423828,4346.475098,3279431600,4346.475098
"729","2012-12-28",4298.932129,4324.933105,4289.395996,4316.687012,0,4316.687012
"730","2012-12-27",4276.01123,4289.819824,4264.333008,4281.86084,2506594000,4281.86084
"731","2012-12-26",4251.834961,4275.100098,4245.317871,4275.094238,1844251000,4275.094238
"732","2012-12-21",4252.938965,4276.897949,4235.316895,4250.213867,0,4250.213867
"733","2012-12-20",4267.548828,4267.919922,4222.130859,4254.815918,0,4254.815918
"734","2012-12-19",4306.376953,4309.893066,4253.936035,4275.858887,0,4275.858887
"735","2012-12-18",4320.082031,4329.019043,4273.854004,4301.436035,3403819600,4301.436035
"736","2012-12-17",4305.455078,4326.060059,4294.375977,4315.856934,3319384400,4315.856934
"737","2012-12-14",4320.375,4321.37207,4283.244141,4308.862793,0,4308.862793
"738","2012-12-13",4331.140137,4335.920898,4299.719238,4320.188965,0,4320.188965
"739","2012-12-12",4321.211914,4340.26123,4311.498047,4337.527832,4792880000,4337.527832
"740","2012-12-11",4301.187012,4325.554199,4290.293945,4317.917969,4977963600,4317.917969
"741","2012-12-10",4295.470215,4318.376953,4280.226074,4302.608887,4305146400,4302.608887
"742","2012-12-07",4286.187988,4297.525879,4270.098145,4290.795898,0,4290.795898
"743","2012-12-06",4296.019043,4306.105957,4282.541016,4292.60498,4441262400,4292.60498
"744","2012-12-05",4263.018066,4288.311035,4254.028809,4286.839844,0,4286.839844
"745","2012-12-04",4281.960938,4284.958008,4246.300781,4269.651855,3455463200,4269.651855
"746","2012-12-03",4277.187012,4303.559082,4262.765137,4302.443848,4289968400,4302.443848
"747","2012-11-30",4312.754883,4321.977051,4255.26709,4276.141113,0,4276.141113
"748","2012-11-29",4318.751953,4326.041016,4285.623047,4319.085938,0,4319.085938
"749","2012-11-28",4321.853027,4323.121094,4268.035156,4304.823242,3871949600,4304.823242
"750","2012-11-27",4374.229004,4381.746094,4333.039062,4337.508789,4457211200,4337.508789
"751","2012-11-26",4352.813965,4377.519043,4350.376953,4375.168945,0,4375.168945
"752","2012-11-23",4334.868164,4351.714844,4325.744141,4348.808105,0,4348.808105
"753","2012-11-22",4308.384766,4338.291016,4308.384766,4335.926758,3567387200,4335.926758
"754","2012-11-21",4314.233887,4318.243164,4293.132812,4317.276855,0,4317.276855
"755","2012-11-20",4328.65918,4345.50293,4290.417969,4312.366211,3871748000,4312.366211
"756","2012-11-19",4342.169922,4344.287109,4296.219238,4313.438965,3262842400,4313.438965
"757","2012-11-14",4338.663086,4360.263184,4323.513184,4351.28418,0,4351.28418
"758","2012-11-13",4320.523926,4340.598145,4317.684082,4332.083984,0,4332.083984
"759","2012-11-12",4329.132812,4339.013184,4311.515137,4318.59082,2653327000,4318.59082
"760","2012-11-09",4309.416992,4333.640137,4303.25293,4333.640137,0,4333.640137
"761","2012-11-08",4313.005859,4328.042969,4291,4327.868164,2774317000,4327.868164
"762","2012-11-07",4320.846191,4350.59082,4317.336914,4350.423828,3783470000,4350.423828
"763","2012-11-06",4305.598145,4316.908203,4293.26123,4314.265137,0,4314.265137
"764","2012-11-05",4327.85498,4330.506836,4285.804199,4302.938965,2530085600,4302.938965
"765","2012-11-02",4339.217773,4345.617188,4322.826172,4338.89209,0,4338.89209
"766","2012-11-01",4331.749023,4336.504883,4301.018066,4335.361816,3743260800,4335.361816
"767","2012-10-31",4358.168945,4363.130859,4324.383789,4350.291016,4107939200,4350.291016
"768","2012-10-30",4331.101074,4366.855957,4328.939941,4364.598145,4555547600,4364.598145
"769","2012-10-29",4329.313965,4340.770996,4314.425781,4331.365234,3521645600,4331.365234
"770","2012-10-25",4337.530762,4346.477051,4323.131836,4339.152832,0,4339.152832
"771","2012-10-24",4320.509766,4341.084961,4309.821777,4335.375,3156474400,4335.375
"772","2012-10-23",4343.147949,4354.937988,4313.269043,4330.14502,3510995600,4330.14502
"773","2012-10-22",4312.456055,4341.827148,4301.763184,4341.376953,3493999200,4341.376953
"774","2012-10-19",4359.631836,4361.73584,4322.454102,4331.253906,0,4331.253906
"775","2012-10-18",4347.848145,4362.342773,4340.570801,4356.96582,4520016400,4356.96582
"776","2012-10-17",4339.096191,4354.176758,4318.418945,4337.525879,4461896800,4337.525879
"777","2012-10-16",4320.630859,4329.476074,4303.65918,4329.076172,3316588400,4329.076172
"778","2012-10-15",4308.788086,4316.402832,4292.84082,4313.521973,4123652000,4313.521973
"779","2012-10-12",4294.544922,4315.861816,4293.728027,4311.391113,0,4311.391113
"780","2012-10-11",4268.76123,4284.966797,4260.858887,4284.966797,0,4284.966797
"781","2012-10-10",4263.146973,4281.61377,4246.446777,4280.009766,3160528000,4280.009766
"782","2012-10-09",4272.743164,4293.981934,4263.157227,4280.25,2906251000,4280.25
"783","2012-10-08",4312.205078,4324.796875,4242.001953,4268.234863,3089334400,4268.234863
"784","2012-10-05",4284.082031,4320.59082,4283.845215,4311.313965,0,4311.313965
"785","2012-10-04",4255.940918,4275.751953,4248.298828,4271.460938,2817032400,4271.460938
"786","2012-10-03",4267.836914,4267.836914,4238.450195,4251.51123,4031735200,4251.51123
"787","2012-10-02",4245.527832,4264.78418,4241.009766,4256.838867,3880496800,4256.838867
"788","2012-10-01",4249.685059,4249.685059,4214.519043,4236.292969,0,4236.292969
"789","2012-09-28",4236.742188,4263.960938,4233.025879,4262.561035,0,4262.561035
"790","2012-09-27",4185.190918,4235.856934,4179.36377,4225.023926,4417713600,4225.023926
"791","2012-09-26",4215.64502,4215.668945,4153.454102,4180.163086,3044087000,4180.163086
"792","2012-09-25",4208.14502,4228.091797,4190.545898,4226.88623,0,4226.88623
"793","2012-09-24",4224.040039,4240.254883,4190.992188,4200.914062,4794555600,4200.914062
"794","2012-09-21",4226.290039,4245.25293,4208.617188,4244.621094,0,4244.621094
"795","2012-09-20",4232.73877,4236.694824,4206.600098,4217.516113,4984576000,4217.516113
"796","2012-09-19",4216.254883,4253.25293,4213.444824,4244.710938,0,4244.710938
"797","2012-09-18",4247.370117,4249.430176,4198.896973,4223.894043,0,4223.894043
"798","2012-09-17",4265.749023,4272.829102,4236.825195,4255.283203,4186864400,4255.283203
"799","2012-09-14",4205.423828,4269.048828,4205.423828,4256.998047,0,4256.998047
"800","2012-09-13",4173.513184,4185.021973,4162.151855,4170.63916,4271472000,4170.63916
"801","2012-09-12",4166.345215,4177.163086,4142.367188,4174.097168,2465259000,4174.097168
"802","2012-09-11",4152.470215,4157.280762,4127.758789,4155.355957,2399350000,4155.355957
"803","2012-09-10",4152.867188,4163.893066,4128.354004,4160.660156,2234416400,4160.660156
"804","2012-09-07",4131.585938,4154.971191,4126.193848,4143.679199,0,4143.679199
"805","2012-09-06",4083.656982,4103.678223,4080.824951,4102.856934,0,4102.856934
"806","2012-09-05",4087.914062,4105.731934,4065.697998,4075.352051,3229325000,4075.352051
"807","2012-09-04",4120.026855,4128.164062,4098.313965,4105.25293,3410443200,4105.25293
"808","2012-09-03",4052.885986,4118.332031,4047.280029,4117.948242,2692074000,4117.948242
"809","2012-08-31",4005.042969,4068.02002,3978.077881,4060.331055,0,4060.331055
"810","2012-08-30",4064.580078,4066.422119,4004.139893,4025.583008,0,4025.583008
"811","2012-08-29",4135.123047,4138.328125,4072.854004,4093.169922,3065882000,4093.169922
"812","2012-08-28",4150.173828,4159.923828,4121.03418,4142.848145,2672020400,4142.848145
"813","2012-08-27",4145.398926,4152.095215,4138.943848,4145.87793,0,4145.87793
"814","2012-08-24",4146.437012,4155.942871,4125.259766,4145.398926,0,4145.398926
"815","2012-08-23",4153.032227,4183.028809,4137.865234,4162.65918,2430868000,4162.65918
"816","2012-08-16",4143.501953,4163.76709,4134.561035,4160.507812,3142692000,4160.507812
"817","2012-08-15",4115.76709,4142.242188,4103.120117,4141.98584,0,4141.98584
"818","2012-08-14",4116.893066,4122.661133,4086.343018,4121.556152,2033650000,4121.556152
"819","2012-08-13",4148.473145,4152.818848,4087.263916,4102.529785,0,4102.529785
"820","2012-08-10",4133.40918,4150.005859,4118.162109,4141.563965,0,4141.563965
"821","2012-08-09",4099.633789,4134.834961,4097.480957,4131.169922,2552446000,4131.169922
"822","2012-08-08",4087.490967,4104.570801,4078.625977,4090.708984,2797025600,4090.708984
"823","2012-08-07",4110.567871,4119.576172,4078.094971,4085.580078,3652202400,4085.580078
"824","2012-08-06",4139.618164,4146.65918,4097.749023,4105.499023,0,4105.499023
"825","2012-08-03",4076.610107,4103.287109,4059.937988,4099.812988,1828507600,4099.812988
"826","2012-08-02",4128.51709,4149.657227,4082.958008,4093.112061,0,4093.112061
"827","2012-08-01",4129.814941,4134.005859,4103.461914,4130.464844,3520712800,4130.464844
"828","2012-07-31",4108.951172,4149.708984,4104.617188,4142.336914,3503707200,4142.336914
"829","2012-07-30",4102.562988,4119.837891,4085.294922,4099.121094,2324132400,4099.121094
"830","2012-07-27",4033.334961,4088.832031,4033.334961,4084.211914,0,4084.211914
"831","2012-07-26",3998.653076,4015.024902,3979.5979,4004.775879,0,4004.775879
"832","2012-07-25",3978.063965,4004.85498,3964.808105,4000.839111,0,4000.839111
"833","2012-07-24",4011.803955,4035.282959,3982.241943,3992.113037,2232075000,3992.113037
"834","2012-07-23",4045.200928,4045.200928,3997.924072,4009.792969,0,4009.792969
"835","2012-07-20",4096.259766,4105.852051,4066.25293,4081.200928,0,4081.200928
"836","2012-07-19",4092.985107,4108.670898,4073.031006,4096.195801,2331148000,4096.195801
"837","2012-07-18",4078.927979,4102.50293,4070.839111,4081.63501,0,4081.63501
"838","2012-07-17",4064.032959,4084.499023,4059.803955,4080.672119,2318861000,4080.672119
"839","2012-07-16",4035.842041,4064.414062,4035.842041,4047.465088,2510933000,4047.465088
"840","2012-07-13",3984.766113,4024.131104,3984.087891,4019.673096,0,4019.673096
"841","2012-07-12",4013.159912,4013.37207,3963.468994,3984.120117,2669216400,3984.120117
"842","2012-07-11",4007.388916,4022.883057,4001.172119,4019.133057,2082285000,4019.133057
"843","2012-07-10",3987.26001,4010.483887,3977.606934,4009.677979,1977116400,4009.677979
"844","2012-07-09",4035.329102,4038.393066,3976.363037,3985.044922,1771040400,3985.044922
"845","2012-07-06",4069.905029,4074.48999,4037.63208,4055.197021,0,4055.197021
"846","2012-07-05",4086.343018,4086.343018,4058.894043,4069.835938,2375642000,4069.835938
"847","2012-07-04",4059.868896,4090.756104,4059.481934,4075.916992,3969383200,4075.916992
"848","2012-07-03",4006.144043,4052.85498,4003.186035,4049.893066,3110420000,4049.893066
"849","2012-07-02",3976.711914,3997.316895,3972.360107,3991.540039,3050079600,3991.540039
"850","2012-06-29",3903.658936,3971.084961,3903.658936,3955.576904,0,3955.576904
"851","2012-06-28",3946.145996,3952.903076,3880.552002,3887.574951,2276776000,3887.574951
"852","2012-06-27",3888.856934,3939.040039,3887.092041,3934.866943,2563368000,3934.866943
"853","2012-06-26",3854.431885,3889.912109,3849.062988,3881.400879,2418004400,3881.400879
"854","2012-06-25",3890.461914,3893.467041,3848.853027,3857.589111,0,3857.589111
"855","2012-06-22",3863.360107,3891.211914,3843.021973,3889.522949,0,3889.522949
"856","2012-06-21",3943.553955,3943.553955,3877.513916,3901.788086,0,3901.788086
"857","2012-06-20",3887.5,3944.058105,3886.446045,3943.896973,0,3943.896973
"858","2012-06-19",3859.064941,3884.49707,3853.259033,3880.815918,2184838000,3880.815918
"859","2012-06-18",3860.093018,3897.430908,3849.931885,3860.155029,3039495000,3860.155029
"860","2012-06-15",3811.099121,3827.042969,3774.693115,3818.108887,0,3818.108887
"861","2012-06-14",3857.73291,3860.700928,3777.959961,3791.61792,3117309000,3791.61792
"862","2012-06-13",3862.938965,3875.144043,3847.291992,3860.460938,3423307200,3860.460938
"863","2012-06-12",3840.797119,3855.447021,3824.948975,3852.577881,2004212400,3852.577881
"864","2012-06-11",3855.835938,3879.810059,3845.779053,3866.212891,0,3866.212891
"865","2012-06-08",3823.879883,3840.804932,3805.335938,3825.327881,0,3825.327881
"866","2012-06-07",3876.789062,3909.387939,3823.913086,3840.595947,3094053600,3840.595947
"867","2012-06-06",3735.496094,3841.488037,3734.720947,3841.331055,3836962000,3841.331055
"868","2012-06-05",3696.968994,3735.454102,3696.968994,3717.875977,2303194000,3717.875977
"869","2012-06-04",3730.044922,3730.044922,3635.282959,3654.582031,2987701600,3654.582031
"870","2012-06-01",3820.381104,3841.041992,3781.918945,3799.766113,0,3799.766113
"871","2012-05-31",3879.060059,3881.488037,3810.391113,3832.823975,3755036800,3832.823975
"872","2012-05-30",3911.986084,3922.653076,3896.85791,3917.916016,2055785000,3917.916016
"873","2012-05-29",3909.531982,3924.26001,3892.998047,3919.064941,1697470400,3919.064941
"874","2012-05-28",3877.053955,3927.864014,3850.451904,3918.685059,2037066000,3918.685059
"875","2012-05-25",3968.339111,3970.240967,3885.594971,3902.508057,0,3902.508057
"876","2012-05-24",3977.910889,3992.580078,3961.637939,3984.873047,2425147000,3984.873047
"877","2012-05-23",4001.616943,4001.616943,3950.815918,3981.577881,2317115600,3981.577881
"878","2012-05-22",3965.168945,4024.38501,3965.168945,4021.100098,3393128800,4021.100098
"879","2012-05-21",3958.000977,3958.467041,3907.51001,3940.10791,2764877000,3940.10791
"880","2012-05-16",4007.145996,4007.145996,3926.388916,3980.496094,3103080400,3980.496094
"881","2012-05-15",4028.696045,4068.7229,3997.771973,4045.644043,3081884400,4045.644043
"882","2012-05-14",4114.568848,4120.234863,4043.9729,4053.066895,2512657000,4053.066895
"883","2012-05-11",4133.36084,4133.36084,4093.663086,4114.140137,0,4114.140137
"884","2012-05-10",4128.61084,4137.666016,4110.895996,4133.630859,3052828000,4133.630859
"885","2012-05-09",4180.174805,4180.174805,4118.259766,4129.060059,2811895000,4129.060059
"886","2012-05-08",4159.130859,4182.902832,4158.505859,4181.073242,2612767000,4181.073242
"887","2012-05-07",4216.411133,4216.411133,4130.25293,4158.861816,3072230000,4158.861816
"888","2012-05-04",4224.182129,4234.733887,4202.670898,4216.681152,0,4216.681152
"889","2012-05-03",4218.565918,4226.423828,4202.793945,4224.00293,4120543200,4224.00293
"890","2012-05-02",4196.433105,4220.549805,4192.493164,4219.294922,3931184800,4219.294922
"891","2012-05-01",4181.09082,4196.289062,4170.711914,4195.983887,3495213600,4195.983887
"892","2012-04-30",4164.070801,4180.911133,4144.345215,4180.731934,3290888000,4180.731934
"893","2012-04-27",4180.670898,4189.450195,4155.335938,4163.980957,0,4163.980957
"894","2012-04-26",4163.823242,4201.062012,4163.458008,4180.306152,4586659600,4180.306152
"895","2012-04-25",4169.993164,4170.176758,4149.265137,4163.643066,4692779600,4163.643066
"896","2012-04-24",4155.708984,4173.736816,4147.016113,4170.353027,4766549600,4170.353027
"897","2012-04-23",4181.458008,4193.237793,4130.849121,4155.491211,5036228800,4155.491211
"898","2012-04-20",4163.895996,4181.779785,4159.039062,4181.368164,0,4181.368164
"899","2012-04-19",4166.416992,4167.423828,4146.205078,4163.71582,3759603200,4163.71582
"900","2012-04-18",4158.094238,4185.208008,4151.26123,4166.236816,4389149600,4166.236816
"901","2012-04-17",4147.029785,4172.375977,4140.933105,4157.365234,3850854000,4157.365234
"902","2012-04-16",4159.367188,4164.484863,4135.623047,4146.581055,3488421600,4146.581055
"903","2012-04-13",4139.809082,4164.73584,4138.630859,4159.276855,0,4159.276855
"904","2012-04-12",4130.191895,4149.748047,4120.374023,4139.540039,4377851200,4139.540039
"905","2012-04-11",4149.620117,4150.457031,4111.763184,4130.013184,4264336800,4130.013184
"906","2012-04-10",4156.375977,4171.673828,4143.736816,4149.798828,3720812000,4149.798828
"907","2012-04-09",4165.745117,4165.745117,4141.722168,4154.066895,4301363200,4154.066895
"908","2012-04-05",4132.958008,4171.198242,4109.318848,4166.374023,3355345000,4166.374023
"909","2012-04-04",4215.079102,4215.079102,4122.224121,4134.036133,3283467600,4134.036133
"910","2012-04-03",4166.61084,4232.922852,4166.61084,4215.443848,4315069600,4215.443848
"911","2012-04-02",4121.819824,4168.745117,4121.710938,4166.071777,4691922400,4166.071777
"912","2012-03-30",4105.256836,4129.333008,4099.723145,4121.550781,0,4121.550781
"913","2012-03-29",4090.394043,4105.625977,4063.51001,4105.166992,3428539200,4105.166992
"914","2012-03-28",4079.293945,4091.936035,4063.802002,4090.572998,3073244000,4090.572998
"915","2012-03-27",4032.333984,4081.850098,4032.333984,4079.384033,3196791000,4079.384033
"916","2012-03-26",4041.739014,4061.144043,4011.933105,4031.705078,2366334400,4031.705078
"917","2012-03-22",4036.414062,4044.153076,4024.035889,4041.559082,2319578400,4041.559082
"918","2012-03-21",4022.258057,4036.683105,4014.825928,4036.233887,2756808000,4036.233887
"919","2012-03-20",4025.181885,4035.314941,4003.516113,4022.167969,2442628000,4022.167969
"920","2012-03-19",4028.9021,4043.194092,4012.541992,4024.73291,2399204000,4024.73291
"921","2012-03-16",4040.519043,4060.077881,4017.863037,4028.537109,0,4028.537109
"922","2012-03-15",4054.685059,4065.704102,4032.220947,4039.97998,0,4039.97998
"923","2012-03-14",4009.091064,4058.802979,4009.091064,4054.325928,2941734000,4054.325928
"924","2012-03-13",3987.975098,4008.680908,3987.975098,4008.64209,2181590400,4008.64209
"925","2012-03-12",3984.175049,4007.952881,3969,3987.345947,0,3987.345947
"926","2012-03-09",3968.299072,3995.191895,3968.299072,3991.543945,0,3991.543945
"927","2012-03-08",3943.056885,3970.228027,3942.947998,3967.668945,0,3967.668945
"928","2012-03-07",3965.980957,3965.980957,3929.194092,3942.51709,0,3942.51709
"929","2012-03-06",3984.356934,3984.356934,3938.73999,3967.075928,1985147000,3967.075928
"930","2012-03-05",4004.759033,4004.759033,3966.717041,3984.896973,1797793600,3984.896973
"931","2012-03-02",3962.916016,4005.155029,3961.437988,4004.86792,0,4004.86792
"932","2012-03-01",3985.030029,3985.030029,3950.758057,3962.285889,2334101000,3962.285889
"933","2012-02-29",3903.826904,3986.111084,3903.826904,3985.209961,3339417000,3985.209961
"934","2012-02-28",3861.196045,3907.14209,3858.083984,3903.556885,2785778000,3903.556885
"935","2012-02-27",3894.197021,3894.75708,3838.539062,3861.016113,2097850000,3861.016113
"936","2012-02-24",3958.540039,3959.101074,3850.12793,3894.562012,0,3894.562012
"937","2012-02-23",3994.658936,3994.658936,3953.426025,3958.809082,3038917600,3958.809082
"938","2012-02-22",4002.681885,4002.681885,3979.094971,3995.023926,4005000400,3995.023926
"939","2012-02-21",3980.163086,4008.227051,3980.163086,4002.950928,3095866000,4002.950928
"940","2012-02-17",3928.238037,3976.582031,3928.238037,3976.541992,0,3976.541992
"941","2012-02-16",3952.506104,3952.506104,3913.895996,3927.60791,3565583600,3927.60791
"942","2012-02-15",3952.2771,3963.530029,3942.239014,3953.044922,2847285600,3953.044922
"943","2012-02-14",3962.801025,3964.408936,3939.934082,3952.816895,2728552000,3952.816895
"944","2012-02-13",3912.48291,3962.616943,3906.909912,3961.9021,2601058400,3961.9021
"945","2012-02-10",3978.62793,3978.993896,3895.612061,3912.393066,0,3912.393066
"946","2012-02-09",3988.590088,3988.590088,3953.816895,3978.988037,3127135000,3978.988037
"947","2012-02-08",3955.63208,3988.846924,3950.445068,3988.698975,3484163600,3988.698975
"948","2012-02-07",3975.147949,3986.370117,3929.636963,3955.451904,3803570400,3955.451904
"949","2012-02-06",4015.769043,4040.082031,3957.548096,3974.788086,3665082400,3974.788086
"950","2012-02-03",4016.633057,4025.938965,4001.210938,4015.948975,0,4015.948975
"951","2012-02-02",3965.426025,4020.408936,3965.426025,4016.9021,4687655600,4016.9021
"952","2012-02-01",3941.782959,3965.322998,3936.809082,3964.976074,3620119600,3964.976074
"953","2012-01-31",3914.620117,3941.693115,3902.155029,3941.693115,3419021600,3941.693115
"954","2012-01-30",3986.139893,3986.139893,3896.399902,3915.159912,2856631000,3915.159912
"955","2012-01-27",3983.523926,3992.898926,3969.456055,3986.409912,0,3986.409912
"956","2012-01-26",3963.784912,3983.506104,3950.735107,3983.434082,0,3983.434082
"957","2012-01-25",3995.123047,3997.110107,3948.959961,3963.60498,2652907600,3963.60498
"958","2012-01-24",3986.965088,4038.784912,3985.50708,3994.583008,2073832400,3994.583008
"959","2012-01-20",4001.804932,4024.947998,3967.335938,3986.514893,0,3986.514893
"960","2012-01-19",3978.489014,4027.893066,3978.489014,4001.072998,4353564400,4001.072998
"961","2012-01-18",3954.574951,3978.455078,3947.85498,3978.12793,4072270000,3978.12793
"962","2012-01-17",3910.059082,3955.736084,3910.059082,3954.754883,4810498000,3954.754883
"963","2012-01-16",3935.236084,3935.236084,3894.831055,3909.693115,3121086000,3909.693115
"964","2012-01-13",3909.045898,3943.260986,3909.045898,3935.325928,0,3935.325928
"965","2012-01-12",3910,3918.585938,3890.927979,3909.49707,4254628400,3909.49707
"966","2012-01-11",3938.931885,3954.855957,3902.344971,3909.639893,3150987600,3909.639893
"967","2012-01-10",3888.711914,3941.311035,3886.870117,3938.842041,5019372400,3938.842041
"968","2012-01-09",3868.783936,3890.197021,3848.343018,3889.072021,3548372000,3889.072021
"969","2012-01-06",3906.444092,3906.676025,3852.75,3869.415039,0,3869.415039
"970","2012-01-05",3907.510986,3924.050049,3893.189941,3906.263916,3453896400,3906.263916
"971","2012-01-04",3858.062988,3921.167969,3858.062988,3907.420898,3907786400,3907.420898
"972","2012-01-03",3808.688965,3858.187988,3808.688965,3857.88208,4971242400,3857.88208
