,Date,Open,High,Low,Close,Volume,Adj.Close
3,12/30/2015,2635,2670,2625,2640,9421700,2640
4,12/29/2015,2610,2655,2610,2620,4702900,2620
5,12/28/2015,2600,2640,2585,2625,8876100,2625
8,12/23/2015,2640,2640,2600,2600,6575400,2600
9,12/22/2015,2600,2620,2585,2610,5691800,2610
10,12/21/2015,2640,2640,2535,2600,20335500,2600
11,12/18/2015,2650,2660,2635,2640,9332600,2640
12,12/17/2015,2675,2720,2650,2675,9694500,2675
13,12/16/2015,2630,2645,2615,2630,16997800,2630
14,12/15/2015,2635,2660,2595,2620,15703100,2620
15,12/14/2015,2645,2655,2610,2635,9757100,2635
16,12/11/2015,2690,2700,2670,2675,8427100,2675
17,12/10/2015,2725,2730,2685,2690,5688100,2690
19,12/8/2015,2750,2760,2690,2735,14776500,2735
20,12/7/2015,2725,2780,2725,2770,9367800,2770
21,12/4/2015,2780,2790,2730,2750,11180900,2750
22,12/3/2015,2795,2835,2790,2805,5337300,2805
23,12/2/2015,2880,2880,2800,2805,4952600,2805
24,12/1/2015,2865,2870,2845,2865,5561900,2865
25,11/30/2015,2810,2865,2775,2815,5281600,2815
26,11/27/2015,2905,2905,2820,2835,5381200,2835
27,11/26/2015,2890,2905,2885,2890,6483000,2890
28,11/25/2015,2855,2895,2850,2875,7498300,2875
29,11/24/2015,2870,2890,2850,2850,3996800,2850
30,11/23/2015,2925,2950,2870,2870,6685100,2870
31,11/20/2015,2850,2915,2835,2905,22487400,2905
32,11/19/2015,2825,2865,2805,2835,6376400,2835
33,11/18/2015,2825,2830,2790,2800,2567300,2800
34,11/17/2015,2780,2835,2780,2815,4056200,2815
35,11/16/2015,2760,2765,2715,2755,4962900,2755
36,11/13/2015,2795,2810,2740,2790,4033500,2790
37,11/12/2015,2765,2835,2765,2830,5493400,2830
38,11/11/2015,2785,2790,2720,2760,3744900,2760
39,11/10/2015,2700,2795,2690,2755,9853300,2755
40,11/9/2015,2895,2895,2715,2730,12155900,2730
41,11/6/2015,2875,2895,2865,2885,3220000,2885
42,11/5/2015,2885,2920,2860,2870,8620100,2870
43,11/4/2015,2855,2920,2855,2880,13043700,2880
44,11/3/2015,2850,2880,2810,2845,15071300,2845
45,11/2/2015,2890,2890,2780,2800,12522500,2800
46,10/30/2015,2950,2970,2890,2940,4848800,2940
47,10/29/2015,3090,3095,2930,2930,7636100,2930
48,10/28/2015,3065,3100,3050,3080,5205300,3080
49,10/27/2015,3035,3100,3035,3075,6818700,3075
50,10/26/2015,3110,3150,3110,3130,7394400,3130
51,10/23/2015,3125,3140,3090,3110,10059700,3110
52,10/22/2015,3100,3115,3045,3045,8487600,3045
53,10/21/2015,3080,3135,3060,3100,18016800,3100
54,10/20/2015,2960,3110,2960,3060,23273200,3060
55,10/19/2015,2960,2995,2960,2975,2706600,2975
56,10/16/2015,3015,3030,2955,2955,5972900,2955
58,10/13/2015,2990,3060,2940,3050,14017400,3050
59,10/12/2015,3000,3085,2975,3000,8279900,3000
60,10/9/2015,2990,3030,2970,3015,22283600,3015
61,10/8/2015,2950,2990,2910,2940,15593700,2940
62,10/7/2015,2855,2950,2855,2920,20039000,2920
63,10/6/2015,2955,2970,2815,2835,28401400,2835
64,10/5/2015,2675,2950,2660,2940,27270900,2940
65,10/2/2015,2690,2700,2615,2625,4363600,2625
66,10/1/2015,2605,2670,2580,2665,6526300,2665
67,9/30/2015,2590,2620,2550,2590,4206900,2590
68,9/29/2015,2600,2630,2485,2590,10562800,2590
69,9/28/2015,2670,2690,2610,2635,7059700,2635
70,9/25/2015,2600,2680,2600,2660,5549700,2660
72,9/23/2015,2630,2630,2605,2625,7325700,2625
73,9/22/2015,2690,2710,2640,2650,6342400,2650
74,9/21/2015,2680,2740,2675,2685,6740000,2685
75,9/18/2015,2750,2830,2710,2710,13403600,2710
76,9/17/2015,2690,2730,2655,2725,6032200,2725
77,9/16/2015,2690,2725,2650,2660,5927300,2660
78,9/15/2015,2640,2675,2615,2675,3218800,2675
79,9/14/2015,2740,2745,2630,2640,6024900,2640
80,9/11/2015,2730,2755,2685,2685,4655900,2685
81,9/10/2015,2700,2770,2680,2720,4625100,2720
82,9/9/2015,2790,2810,2740,2760,10254200,2760
83,9/8/2015,2620,2710,2615,2710,21268100,2710
84,9/7/2015,2770,2795,2620,2625,11337400,2625
85,9/4/2015,2870,2870,2750,2750,15238900,2750
86,9/3/2015,2770,2920,2770,2890,20256300,2890
87,9/2/2015,2700,2800,2665,2730,7268500,2730
88,9/1/2015,2750,2760,2695,2730,9239600,2730
89,8/31/2015,2670,2835,2645,2765,16925500,2765
90,8/28/2015,2765,2780,2660,2670,11548200,2670
91,8/27/2015,2610,2745,2610,2710,18506500,2710
92,8/26/2015,2555,2590,2480,2555,13389100,2555
93,8/25/2015,2505,2665,2505,2570,28859600,2570
94,8/24/2015,2500,2530,2370,2460,25489700,2460
95,8/21/2015,2680,2685,2570,2635,27474800,2635
96,8/20/2015,2710,2730,2680,2720,15410500,2720
97,8/19/2015,2705,2745,2700,2715,17030900,2715
98,8/18/2015,2765,2775,2675,2705,20600200,2705
100,8/14/2015,2680,2770,2630,2760,24314200,2760
101,8/13/2015,2500,2680,2490,2665,25260000,2665
102,8/12/2015,2490,2495,2435,2465,17977500,2465
103,8/11/2015,2670,2685,2520,2545,13154600,2545
104,8/10/2015,2650,2670,2625,2650,5951000,2650
105,8/7/2015,2670,2700,2650,2670,13198400,2670
106,8/6/2015,2690,2730,2670,2680,22936800,2680
107,8/5/2015,2675,2710,2650,2680,27408400,2680
108,8/4/2015,2680,2695,2640,2650,9536800,2650
109,8/3/2015,2660,2700,2650,2670,18127100,2670
110,7/31/2015,2645,2725,2620,2655,47297700,2655
111,7/30/2015,2820,2835,2625,2645,8954500,2645
112,7/29/2015,2880,2910,2800,2800,6539500,2800
113,7/28/2015,2890,2965,2825,2830,8085200,2830
114,7/27/2015,3000,3100,2925,2935,5214200,2935
115,7/24/2015,3100,3100,3030,3035,5527100,3035
116,7/23/2015,3080,3120,3080,3105,2255500,3105
117,7/22/2015,3080,3140,3080,3105,7549400,3105
122,7/15/2015,3150,3165,3080,3080,4374500,3080
123,7/14/2015,3175,3190,3130,3150,23238500,3150
124,7/13/2015,3100,3175,3080,3150,14504700,3150
125,7/10/2015,3000,3095,2980,3095,20501600,3095
126,7/9/2015,2910,2990,2850,2985,13658800,2985
127,7/8/2015,2975,3020,2900,2950,26108900,2950
128,7/7/2015,2895,3000,2885,2975,25374100,2975
129,7/6/2015,2855,2925,2835,2850,9573200,2850
130,7/3/2015,2895,2970,2865,2920,27446400,2920
131,7/2/2015,2595,2995,2595,2895,36159000,2895
132,7/1/2015,2525,2590,2515,2570,9872800,2570
133,6/30/2015,2500,2570,2480,2505,13999000,2505
134,6/29/2015,2580,2580,2495,2510,11728900,2510
135,6/26/2015,2655,2665,2605,2610,6291900,2610
136,6/25/2015,2695,2730,2645,2660,5659000,2660
137,6/24/2015,2760,2775,2700,2700,6576300,2700
138,6/23/2015,2755,2780,2720,2750,9366600,2750
139,6/22/2015,2725,2765,2705,2740,12628800,2740
140,6/19/2015,2730,2785,2715,2725,15640700,2725
141,6/18/2015,2700,2720,2640,2690,9336600,2690
142,6/17/2015,2670,2720,2640,2670,9044800,2670
143,6/16/2015,2550,2645,2510,2600,9807400,2600
144,6/15/2015,2660,2665,2545,2550,13382700,2550
145,6/12/2015,2755,2770,2635,2660,7061200,2660
146,6/11/2015,2800,2820,2750,2755,8428400,2755
147,6/10/2015,2800,2840,2750,2760,17607100,2760
148,6/9/2015,2920,2925,2725,2800,22326300,2800
149,6/8/2015,3050,3055,2930,2930,5678300,2930
150,6/5/2015,3125,3125,3025,3045,6037800,3045
151,6/4/2015,3130,3190,3125,3125,7285500,3125
152,6/3/2015,3000,3125,2985,3125,7840900,3125
154,6/1/2015,3110,3150,3000,3050,9698500,3050
155,5/29/2015,3175,3180,3130,3140,7391000,3140
156,5/28/2015,3185,3205,3145,3155,4055300,3155
157,5/27/2015,3250,3285,3165,3175,10882000,3175
158,5/26/2015,3335,3350,3260,3275,6568500,3275
159,5/25/2015,3350,3360,3300,3335,6096800,3335
160,5/22/2015,3350,3360,3330,3350,5384400,3350
161,5/21/2015,3360,3390,3305,3340,17701600,3340
162,5/20/2015,3245,3370,3190,3335,30294100,3335
163,5/19/2015,3090,3245,3045,3235,15472900,3235
164,5/18/2015,3090,3130,3070,3090,8282400,3090
165,5/15/2015,3100,3100,3060,3095,3789500,3095
167,5/13/2015,3105,3105,3030,3080,15656100,3080
168,5/12/2015,3100,3125,3070,3105,14669300,3105
169,5/11/2015,3125,3165,3095,3125,13050000,3125
170,5/8/2015,3030,3125,3030,3100,28909800,3100
171,5/7/2015,2970,3150,2920,3020,66809900,3020
172,5/6/2015,2890,2980,2860,2970,46004100,2970
173,5/5/2015,2955,3010,2835,2890,23501700,2890
174,5/4/2015,2980,3035,2870,2975,9398300,2975
176,4/30/2015,3220,3265,2930,2985,58660800,2985
177,4/29/2015,3380,3400,3080,3235,26191500,3235
178,4/28/2015,3370,3420,3340,3370,12963600,3370
179,4/27/2015,3515,3515,3345,3370,11668900,3370
180,4/24/2015,3500,3540,3500,3510,4354900,3510
181,4/23/2015,3585,3595,3520,3530,7690300,3530
182,4/22/2015,3570,3600,3565,3575,6267900,3554.97
183,4/21/2015,3610,3610,3565,3585,6341100,3564.92
184,4/20/2015,3550,3580,3535,3565,4184100,3545.03
185,4/17/2015,3550,3600,3545,3580,8606500,3559.94
186,4/16/2015,3555,3585,3545,3555,12088400,3535.08
187,4/15/2015,3510,3575,3500,3530,8889700,3510.22
188,4/14/2015,3500,3530,3460,3510,8753400,3490.34
189,4/13/2015,3525,3560,3510,3525,7194400,3505.25
190,4/10/2015,3595,3605,3560,3560,10233700,3540.06
191,4/9/2015,3600,3620,3555,3595,15743900,3574.86
192,4/8/2015,3520,3600,3440,3595,27484700,3574.86
193,4/7/2015,3330,3500,3325,3490,17082300,3470.45
194,4/6/2015,3350,3375,3310,3310,7510600,3291.46
196,4/2/2015,3400,3435,3340,3350,18839300,3331.23
197,4/1/2015,3480,3490,3430,3440,8454900,3420.73
198,3/31/2015,3445,3495,3410,3495,19003000,3475.42
199,3/30/2015,3355,3430,3355,3410,7141400,3390.9
200,3/27/2015,3400,3430,3320,3355,13510300,3336.2
201,3/26/2015,3425,3465,3390,3400,14929800,3380.95
202,3/25/2015,3515,3525,3450,3450,15915800,3430.67
203,3/24/2015,3570,3595,3450,3515,5932500,3495.31
204,3/23/2015,3610,3630,3555,3560,6898000,3540.06
205,3/20/2015,3580,3610,3550,3600,9867000,3579.83
206,3/19/2015,3570,3610,3550,3580,25776100,3559.94
207,3/18/2015,3400,3530,3380,3530,19065500,3510.22
208,3/17/2015,3420,3430,3380,3390,19896600,3371.01
209,3/16/2015,3370,3425,3360,3400,3273000,3380.95
210,3/13/2015,3485,3500,3370,3405,18298500,3385.92
211,3/12/2015,3440,3510,3440,3455,11835600,3435.64
212,3/11/2015,3410,3470,3400,3445,18108100,3425.7
213,3/10/2015,3430,3515,3395,3485,14207800,3465.48
214,3/9/2015,3495,3495,3415,3425,18113000,3405.81
215,3/6/2015,3525,3540,3505,3505,10686000,3485.36
216,3/5/2015,3515,3555,3510,3515,11227600,3495.31
217,3/4/2015,3595,3610,3495,3545,17185400,3525.14
218,3/3/2015,3670,3670,3590,3595,6356000,3574.86
219,3/2/2015,3650,3660,3625,3630,7113500,3609.66
220,2/27/2015,3675,3680,3650,3660,5707200,3639.5
221,2/26/2015,3675,3690,3650,3675,5793000,3654.41
222,2/25/2015,3660,3690,3645,3670,12228400,3649.44
223,2/24/2015,3685,3690,3645,3650,10182500,3629.55
224,2/23/2015,3650,3700,3635,3680,36338100,3659.38
225,2/20/2015,3575,3665,3570,3635,33299300,3614.64
227,2/18/2015,3525,3585,3495,3565,23823500,3545.03
228,2/17/2015,3500,3520,3475,3495,26242000,3475.42
229,2/16/2015,3545,3550,3460,3475,19580400,3455.53
230,2/13/2015,3570,3575,3520,3525,11993100,3505.25
231,2/12/2015,3550,3570,3520,3530,15888300,3510.22
232,2/11/2015,3575,3620,3555,3555,20824300,3535.08
233,2/10/2015,3640,3640,3555,3560,19565100,3540.06
234,2/9/2015,3670,3670,3600,3620,10942500,3599.72
235,2/6/2015,3650,3690,3630,3635,14267500,3614.64
236,2/5/2015,3690,3755,3635,3640,28989500,3619.61
237,2/4/2015,3850,3895,3610,3655,60964500,3634.52
238,2/3/2015,3780,3855,3775,3815,32236400,3793.63
239,2/2/2015,3745,3770,3715,3765,16566900,3743.91
240,1/30/2015,3690,3795,3690,3745,40549900,3724.02
241,1/29/2015,3650,3685,3640,3675,22433200,3654.41
242,1/28/2015,3620,3685,3610,3675,13060900,3654.41
243,1/27/2015,3580,3645,3550,3630,20342200,3609.66
244,1/26/2015,3625,3665,3545,3550,32194300,3530.11
245,1/23/2015,3675,3720,3655,3655,23609000,3634.52
246,1/22/2015,3615,3660,3580,3640,29321800,3619.61
247,1/21/2015,3600,3630,3570,3595,8542700,3574.86
248,1/20/2015,3595,3615,3565,3600,12348600,3579.83
249,1/19/2015,3570,3615,3560,3585,11377500,3564.92
250,1/16/2015,3600,3645,3555,3565,11027300,3545.03
251,1/15/2015,3630,3645,3555,3630,12807700,3609.66
252,1/14/2015,3640,3660,3545,3550,14861900,3530.11
253,1/13/2015,3620,3645,3610,3620,5114700,3599.72
254,1/12/2015,3660,3700,3585,3600,16878300,3579.83
255,1/9/2015,3720,3730,3670,3675,14199700,3654.41
256,1/8/2015,3675,3745,3675,3680,28761900,3659.38
257,1/7/2015,3565,3660,3560,3650,26958100,3629.55
258,1/6/2015,3545,3585,3455,3555,38510800,3535.08
259,1/5/2015,3680,3700,3565,3575,13277800,3554.97
260,1/2/2015,3680,3730,3665,3675,8236700,3654.41
262,12/31/2014,3680,3680,3680,3680,0,3659.38
263,12/30/2014,3720,3895,3630,3680,16275000,3659.38
264,12/29/2014,3560,3730,3535,3720,13174400,3699.16
267,12/24/2014,3430,3540,3425,3535,14692200,3515.2
268,12/23/2014,3350,3450,3340,3425,15122700,3405.81
269,12/22/2014,3370,3380,3310,3340,10079400,3321.29
270,12/19/2014,3310,3365,3305,3345,21084300,3326.26
271,12/18/2014,3235,3320,3235,3270,31291400,3251.68
272,12/17/2014,3175,3235,3175,3200,31170900,3182.07
273,12/16/2014,3275,3275,3170,3220,21977600,3201.96
274,12/15/2014,3310,3315,3275,3295,9385800,3276.54
275,12/12/2014,3325,3350,3290,3345,14507300,3326.26
276,12/11/2014,3270,3325,3260,3300,16865800,3281.51
277,12/10/2014,3115,3295,3115,3290,34851700,3271.57
278,12/9/2014,3110,3170,3080,3115,12951500,3097.55
279,12/8/2014,3200,3205,3100,3120,13061800,3102.52
280,12/5/2014,3175,3200,3170,3190,5168900,3172.13
281,12/4/2014,3195,3215,3170,3190,8681200,3172.13
282,12/3/2014,3220,3250,3170,3195,24044200,3177.1
283,12/2/2014,3135,3230,3135,3215,32187400,3196.99
284,12/1/2014,3015,3140,3015,3120,40920800,3102.52
285,11/28/2014,3005,3040,2990,3005,13545700,2988.17
286,11/27/2014,3000,3030,2990,3000,10665000,2983.19
287,11/26/2014,3020,3030,2965,3020,10888700,3003.08
288,11/25/2014,3025,3050,3005,3025,8874600,3008.05
289,11/24/2014,3035,3070,3030,3035,11872200,3018
290,11/21/2014,3005,3040,3000,3005,12585100,2988.17
291,11/20/2014,3005,3070,2985,3005,21798200,2988.17
292,11/19/2014,3075,3140,3065,3075,13086300,3057.77
293,11/18/2014,3080,3105,2975,3080,54258600,3062.75
294,11/17/2014,2900,2965,2885,2955,28746500,2938.45
295,11/14/2014,2900,2945,2840,2900,33639700,2883.75
296,11/13/2014,2865,2875,2840,2865,6968900,2848.95
297,11/12/2014,2865,2900,2855,2865,10675600,2848.95
298,11/11/2014,2880,2885,2785,2880,18084000,2863.87
299,11/10/2014,2765,2810,2760,2765,6306300,2749.51
300,11/7/2014,2760,2790,2750,2760,12228900,2744.54
301,11/6/2014,2770,2825,2750,2770,17570400,2754.48
302,11/5/2014,2800,2865,2795,2800,9438200,2784.31
303,11/4/2014,2860,2900,2850,2860,7993800,2843.98
304,11/3/2014,2875,2880,2865,2875,4935900,2858.89
305,10/31/2014,2860,2910,2860,2860,8612700,2843.98
306,10/30/2014,2890,2915,2860,2890,16306700,2873.81
307,10/29/2014,2900,2910,2855,2900,15764100,2883.75
308,10/28/2014,2855,2920,2835,2855,15136300,2839.01
309,10/27/2014,2895,2915,2870,2895,9961900,2878.78
310,10/24/2014,2895,2915,2855,2895,8449300,2878.78
311,10/23/2014,2915,2930,2895,2915,10029500,2898.67
312,10/22/2014,2915,2935,2910,2915,7628400,2898.67
313,10/21/2014,2905,2910,2835,2905,8500800,2888.73
314,10/20/2014,2880,2935,2880,2880,26278900,2863.87
315,10/17/2014,2870,2890,2820,2870,26661000,2853.92
316,10/16/2014,2800,2840,2730,2800,32524500,2784.31
317,10/15/2014,2760,2785,2690,2760,27487600,2744.54
318,10/14/2014,2675,2690,2565,2675,22493000,2660.01
319,10/13/2014,2590,2595,2535,2590,8315300,2575.49
320,10/10/2014,2560,2570,2495,2560,13433100,2545.66
321,10/9/2014,2590,2615,2535,2590,24997600,2575.49
322,10/8/2014,2500,2550,2475,2500,18271500,2485.99
323,10/7/2014,2555,2560,2490,2555,33325500,2540.69
324,10/6/2014,2490,2520,2420,2490,26546100,2476.05
325,10/3/2014,2490,2635,2485,2490,50565500,2476.05
326,10/2/2014,2610,2660,2595,2610,34948700,2595.38
327,10/1/2014,2715,2720,2605,2715,32944600,2699.79
328,9/30/2014,2605,2655,2585,2605,17416700,2590.41
329,9/29/2014,2605,2695,2580,2605,30932900,2590.41
330,9/26/2014,2665,2800,2645,2665,62757600,2650.07
331,9/25/2014,2840,2865,2825,2840,10237400,2824.09
332,9/24/2014,2840,2870,2835,2840,12266300,2824.09
333,9/23/2014,2845,2870,2840,2845,7670500,2829.06
334,9/22/2014,2870,2900,2860,2870,9203900,2853.92
335,9/19/2014,2890,2920,2845,2890,22960300,2873.81
336,9/18/2014,2840,2880,2830,2840,13283600,2824.09
337,9/17/2014,2845,2865,2820,2845,24899000,2829.06
338,9/16/2014,2835,2890,2835,2835,6509900,2819.12
339,9/15/2014,2875,2885,2840,2875,4916700,2858.89
340,9/12/2014,2870,2890,2865,2870,11832600,2853.92
341,9/11/2014,2870,2880,2845,2870,10070200,2853.92
342,9/10/2014,2845,2850,2805,2845,22381500,2829.06
343,9/9/2014,2840,2895,2830,2840,22107100,2824.09
344,9/8/2014,2880,2935,2875,2880,9891000,2863.87
345,9/5/2014,2905,2925,2865,2905,13548600,2888.73
346,9/4/2014,2885,2950,2880,2885,14778100,2868.84
347,9/3/2014,2935,2940,2845,2935,20134200,2918.56
348,9/2/2014,2850,2880,2850,2850,6024700,2834.03
349,9/1/2014,2850,2895,2845,2850,7967500,2834.03
350,8/29/2014,2870,2895,2830,2870,11989500,2853.92
351,8/28/2014,2840,2875,2840,2840,5509200,2824.09
352,8/27/2014,2830,2850,2805,2830,20527700,2814.15
353,8/26/2014,2800,2915,2790,2800,28353800,2784.31
354,8/25/2014,2915,2950,2880,2915,5916200,2898.67
355,8/22/2014,2925,2990,2925,2925,19090300,2908.61
356,8/21/2014,2940,2950,2870,2940,29624900,2923.53
357,8/20/2014,2895,2900,2855,2895,15078000,2878.78
358,8/19/2014,2885,2910,2860,2885,28263900,2868.84
359,8/18/2014,2840,2855,2795,2840,29785100,2824.09
360,8/15/2014,2790,2800,2755,2790,6238600,2774.37
361,8/14/2014,2770,2815,2755,2770,12291600,2754.48
362,8/13/2014,2790,2815,2765,2790,33588200,2774.37
363,8/12/2014,2765,2805,2675,2765,61082800,2749.51
364,8/11/2014,2665,2685,2620,2665,20367900,2650.07
365,8/8/2014,2610,2650,2610,2610,24542400,2595.38
366,8/7/2014,2650,2675,2620,2650,12144200,2635.15
367,8/6/2014,2645,2685,2635,2645,16989800,2630.18
368,8/5/2014,2690,2710,2620,2690,22151300,2674.93
369,8/4/2014,2615,2640,2595,2615,20502800,2600.35
375,7/25/2014,2650,2695,2610,2650,12983500,2635.15
376,7/24/2014,2670,2730,2660,2670,13286000,2655.04
377,7/23/2014,2710,2825,2710,2710,24084700,2694.82
378,7/22/2014,2765,2855,2660,2765,47186800,2749.51
379,7/21/2014,2800,2860,2675,2800,52633900,2784.31
380,7/18/2014,2650,2670,2550,2650,18138000,2635.15
381,7/17/2014,2595,2640,2590,2595,14477700,2580.46
382,7/16/2014,2615,2650,2590,2615,33661600,2600.35
383,7/15/2014,2610,2620,2500,2610,29995500,2595.38
384,7/14/2014,2510,2525,2420,2510,19729400,2495.94
385,7/11/2014,2465,2515,2460,2465,36994700,2451.19
386,7/10/2014,2500,2525,2450,2500,135822500,2485.99
388,7/8/2014,2435,2460,2410,2435,33357800,2421.36
389,7/7/2014,2430,2450,2330,2430,51862100,2416.39
390,7/4/2014,2320,2325,2250,2320,17107400,2307
391,7/3/2014,2270,2275,2205,2270,15818600,2257.28
392,7/2/2014,2220,2230,2205,2220,5489500,2207.56
393,7/1/2014,2215,2225,2205,2215,5531800,2202.59
394,6/30/2014,2215,2220,2175,2215,15036900,2202.59
395,6/27/2014,2175,2190,2160,2175,7328200,2162.82
396,6/26/2014,2180,2185,2160,2180,8657700,2167.79
397,6/25/2014,2160,2225,2155,2160,9027600,2147.9
398,6/24/2014,2220,2230,2145,2220,25347800,2207.56
399,6/23/2014,2160,2180,2155,2160,9912300,2147.9
400,6/20/2014,2180,2210,2175,2180,8007600,2167.79
401,6/19/2014,2180,2245,2180,2180,11410400,2167.79
402,6/18/2014,2225,2260,2215,2225,8004700,2212.54
403,6/17/2014,2260,2280,2255,2260,6541000,2247.34
404,6/16/2014,2275,2285,2250,2275,11537900,2262.25
405,6/13/2014,2270,2290,2250,2270,20560500,2257.28
406,6/12/2014,2300,2310,2275,2300,17254800,2287.11
407,6/11/2014,2300,2305,2230,2300,28768600,2287.11
408,6/10/2014,2220,2235,2195,2220,7768800,2207.56
409,6/9/2014,2205,2290,2200,2205,18768900,2192.65
410,6/6/2014,2275,2330,2275,2275,5818900,2262.25
411,6/5/2014,2340,2340,2310,2315,10385300,2302.03
412,6/4/2014,2330,2345,2305,2330,20499000,2316.95
413,6/3/2014,2310,2325,2275,2310,17929700,2297.06
414,6/2/2014,2305,2345,2250,2305,17002100,2292.09
415,5/30/2014,2345,2370,2340,2345,18341700,2331.86
417,5/28/2014,2350,2365,2345,2350,6683000,2336.83
419,5/26/2014,2360,2390,2355,2360,14434200,2346.78
420,5/23/2014,2375,2410,2355,2375,20518600,2361.69
421,5/22/2014,2390,2400,2365,2390,25490100,2376.61
422,5/21/2014,2360,2365,2295,2360,29351100,2346.78
423,5/20/2014,2340,2370,2285,2340,52250500,2326.89
424,5/19/2014,2340,2475,2285,2340,107152900,2326.89
425,5/16/2014,2400,2445,2395,2410,37542300,2396.5
427,5/14/2014,2345,2440,2345,2400,62786800,2386.55
428,5/13/2014,2355,2365,2335,2345,19247500,2331.86
429,5/12/2014,2360,2385,2335,2340,40709400,2326.89
430,5/9/2014,2350,2375,2325,2350,69919100,2336.83
431,5/8/2014,2295,2355,2295,2340,77723300,2326.89
432,5/7/2014,2235,2295,2230,2285,46261400,2272.2
433,5/6/2014,2260,2270,2235,2235,14312100,2222.48
434,5/5/2014,2265,2275,2245,2255,10754000,2242.37
435,5/2/2014,2275,2280,2250,2265,15138200,2252.31
437,4/30/2014,2305,2315,2265,2265,28939700,2252.31
438,4/29/2014,2275,2305,2260,2295,40148400,2254.42
439,4/28/2014,2330,2335,2290,2290,58456600,2249.51
440,4/25/2014,2240,2355,2230,2330,146592900,2288.81
441,4/24/2014,2145,2240,2145,2220,86599600,2180.75
442,4/23/2014,2185,2200,2145,2160,29235400,2121.81
443,4/22/2014,2200,2200,2145,2185,31855300,2146.37
444,4/21/2014,2235,2240,2185,2190,21819300,2151.28
446,4/17/2014,2250,2270,2215,2230,28642300,2190.57
447,4/16/2014,2280,2290,2230,2240,37140300,2200.4
448,4/15/2014,2290,2315,2255,2265,53703900,2224.95
449,4/14/2014,2120,2290,2120,2265,104980400,2224.95
450,4/11/2014,2070,2150,2050,2120,97409200,2082.52
451,4/10/2014,2390,2390,2095,2130,168186700,2092.34
452,4/9/2014,2440,2440,2440,2440,0,2396.86
453,4/8/2014,2510,2525,2410,2440,62430900,2396.86
454,4/7/2014,2485,2535,2475,2515,34881100,2470.53
455,4/4/2014,2505,2515,2490,2495,14489200,2450.89
456,4/3/2014,2510,2520,2480,2500,30922400,2455.8
457,4/2/2014,2450,2515,2450,2495,61868100,2450.89
458,4/1/2014,2405,2445,2380,2435,40273900,2391.95
460,3/28/2014,2395,2405,2350,2390,12856000,2347.74
461,3/27/2014,2405,2425,2395,2395,14877300,2352.66
462,3/26/2014,2380,2415,2370,2405,17422900,2362.48
463,3/25/2014,2385,2405,2350,2360,23690300,2318.28
464,3/24/2014,2365,2390,2335,2385,12802400,2342.83
465,3/21/2014,2365,2375,2265,2360,32882200,2318.28
466,3/20/2014,2380,2380,2320,2335,54671500,2293.72
467,3/19/2014,2420,2440,2400,2410,23097900,2367.39
468,3/18/2014,2475,2505,2380,2410,64089400,2367.39
469,3/17/2014,2500,2500,2415,2465,76543500,2421.42
470,3/14/2014,2250,2500,2240,2490,79684000,2445.98
471,3/13/2014,2250,2290,2250,2280,26652900,2239.69
472,3/12/2014,2250,2295,2235,2235,24872400,2195.49
473,3/11/2014,2265,2315,2265,2280,43891900,2239.69
474,3/10/2014,2235,2275,2215,2255,29308000,2215.13
475,3/7/2014,2295,2300,2225,2235,45728600,2195.49
476,3/6/2014,2280,2300,2240,2280,54886800,2239.69
477,3/5/2014,2255,2300,2255,2280,48474500,2239.69
478,3/4/2014,2165,2240,2165,2235,59397500,2195.49
479,3/3/2014,2135,2165,2120,2155,30551300,2116.9
480,2/28/2014,2150,2185,2130,2145,73442500,2107.08
481,2/27/2014,2080,2150,2080,2145,62438000,2107.08
482,2/26/2014,2075,2100,2060,2080,48997500,2043.23
483,2/25/2014,2020,2090,2005,2075,97851800,2038.31
484,2/24/2014,1995,2025,1985,2005,36767100,1969.55
485,2/21/2014,1960,2010,1960,1995,58741500,1959.73
486,2/20/2014,1990,1990,1925,1940,69455100,1905.7
487,2/19/2014,2070,2070,1980,1995,69943300,1959.73
488,2/18/2014,2095,2115,2050,2070,35485100,2033.4
489,2/17/2014,2040,2095,2040,2090,39100900,2053.05
490,2/14/2014,2000,2045,2000,2025,23899000,1989.2
491,2/13/2014,1975,2010,1970,1985,19040500,1949.91
492,2/12/2014,2005,2015,1980,1985,18269500,1949.91
493,2/11/2014,1980,2000,1970,1985,26413900,1949.91
494,2/10/2014,2030,2045,1975,1990,19092600,1954.82
495,2/7/2014,2060,2060,2005,2030,22124700,1994.11
496,2/6/2014,2045,2055,2025,2035,28742200,1999.02
497,2/5/2014,1970,2020,1965,2020,33415300,1984.29
498,2/4/2014,1955,1965,1900,1955,17911900,1920.44
499,2/3/2014,1950,1990,1950,1975,15652600,1940.08
501,1/30/2014,1890,1970,1875,1950,31180900,1915.52
502,1/29/2014,1870,1940,1870,1930,33658500,1895.88
503,1/28/2014,1845,1875,1840,1860,10023000,1827.12
504,1/27/2014,1850,1875,1830,1835,18830400,1802.56
505,1/24/2014,1920,1940,1880,1920,19504700,1886.05
506,1/23/2014,1835,1940,1835,1915,42250600,1881.14
507,1/22/2014,1905,1920,1805,1845,55710600,1812.38
508,1/21/2014,1950,1955,1905,1905,21234800,1871.32
509,1/20/2014,1930,1975,1925,1935,18845700,1900.79
510,1/17/2014,1900,1985,1870,1955,28920300,1920.44
511,1/16/2014,1940,1960,1905,1930,23770000,1895.88
512,1/15/2014,1950,1970,1895,1940,30516100,1905.7
514,1/13/2014,1790,1940,1790,1940,52153900,1905.7
515,1/10/2014,1665,1780,1660,1780,32518300,1748.53
516,1/9/2014,1640,1670,1625,1655,11533000,1625.74
517,1/8/2014,1600,1645,1585,1645,7744400,1615.92
518,1/7/2014,1625,1625,1580,1580,4407500,1552.07
519,1/6/2014,1660,1660,1610,1625,5705000,1596.27
520,1/3/2014,1640,1660,1620,1660,9987000,1630.65
521,1/2/2014,1600,1660,1600,1660,14134500,1630.65
524,12/30/2013,1600,1600,1570,1580,5689000,1552.07
525,12/27/2013,1580,1600,1570,1580,3276500,1552.07
528,12/24/2013,1560,1580,1540,1570,5831500,1542.24
529,12/23/2013,1590,1610,1550,1550,5365500,1522.6
530,12/20/2013,1600,1640,1590,1600,11385000,1571.71
531,12/19/2013,1670,1690,1620,1620,18147500,1591.36
532,12/18/2013,1640,1650,1620,1650,8036000,1620.83
533,12/17/2013,1640,1650,1620,1620,7869000,1591.36
534,12/16/2013,1640,1640,1590,1620,9417000,1591.36
535,12/13/2013,1650,1680,1630,1640,5699500,1611
536,12/12/2013,1660,1700,1650,1660,25439500,1630.65
537,12/11/2013,1640,1680,1640,1660,27022000,1630.65
538,12/10/2013,1700,1710,1640,1640,30595000,1611
539,12/9/2013,1720,1730,1680,1680,11772000,1650.3
540,12/6/2013,1720,1750,1680,1690,16447000,1660.12
541,12/5/2013,1740,1740,1680,1730,16000500,1699.41
542,12/4/2013,1760,1770,1730,1740,14250500,1709.24
543,12/3/2013,1800,1810,1760,1780,36154500,1748.53
544,12/2/2013,1650,1810,1650,1790,49421500,1758.35
545,11/29/2013,1610,1650,1610,1650,10101500,1620.83
546,11/28/2013,1650,1660,1600,1610,8715000,1581.54
547,11/27/2013,1640,1650,1610,1630,13431500,1601.18
548,11/26/2013,1720,1730,1610,1620,15230500,1591.36
549,11/25/2013,1710,1730,1700,1720,14613000,1689.59
550,11/22/2013,1700,1720,1680,1690,21226500,1660.12
551,11/21/2013,1680,1700,1650,1670,12145000,1640.47
552,11/20/2013,1700,1730,1680,1700,23426500,1669.94
553,11/19/2013,1690,1700,1650,1680,18060000,1650.3
554,11/18/2013,1690,1710,1660,1670,18360000,1640.47
555,11/15/2013,1740,1750,1650,1670,27125500,1640.47
556,11/14/2013,1680,1730,1670,1710,42278000,1679.77
557,11/13/2013,1700,1700,1610,1650,28567000,1620.83
558,11/12/2013,1800,1820,1710,1720,21309000,1689.59
559,11/11/2013,1860,1870,1780,1800,18000000,1768.18
560,11/8/2013,1870,1870,1840,1850,7343500,1817.29
561,11/7/2013,1850,1900,1850,1870,18032000,1836.94
562,11/6/2013,1860,1900,1840,1850,18447000,1817.29
564,11/4/2013,1870,1890,1850,1870,21602500,1836.94
565,11/1/2013,1900,1950,1860,1870,28754000,1836.94
566,10/31/2013,2000,2000,1910,1920,32473500,1886.05
567,10/30/2013,2025,2050,1990,2025,29492000,1989.2
568,10/29/2013,2050,2075,1990,2025,15394500,1989.2
569,10/28/2013,2075,2125,2025,2050,27483500,2013.76
570,10/25/2013,2075,2075,2025,2050,20539500,2013.76
571,10/24/2013,1970,2050,1960,2050,50115500,2013.76
572,10/23/2013,1950,1990,1950,1970,16531000,1935.17
573,10/22/2013,1970,1980,1940,1940,13438000,1905.7
574,10/21/2013,1980,1990,1960,1970,30431000,1935.17
575,10/18/2013,1900,1970,1880,1960,30154500,1925.35
576,10/17/2013,1900,1910,1880,1890,7464500,1856.58
577,10/16/2013,1910,1910,1870,1880,9115000,1846.76
580,10/11/2013,1890,1910,1870,1890,27938000,1856.58
581,10/10/2013,1850,1870,1840,1870,13558000,1836.94
582,10/9/2013,1850,1880,1830,1840,17275500,1807.47
583,10/8/2013,1830,1890,1830,1860,20380000,1827.12
584,10/7/2013,1940,1960,1820,1830,39131000,1797.65
585,10/4/2013,1950,1960,1920,1940,36622000,1905.7
586,10/3/2013,1990,2000,1950,1960,8366500,1925.35
587,10/2/2013,1990,2025,1960,1960,21204000,1925.35
588,10/1/2013,1920,1990,1920,1950,16540500,1915.52
589,9/30/2013,1940,1970,1920,1920,23299000,1886.05
590,9/27/2013,2000,2025,1960,1970,20203000,1935.17
591,9/26/2013,1900,2025,1900,1980,34690500,1944.99
592,9/25/2013,1940,1970,1900,1920,16401500,1886.05
593,9/24/2013,1980,2050,1940,1940,37672500,1905.7
594,9/23/2013,1980,2025,1960,1990,17671500,1954.82
595,9/20/2013,2050,2125,2000,2025,38611500,1989.2
596,9/19/2013,1950,2125,1950,2100,112145000,2062.87
597,9/18/2013,1880,1910,1810,1820,30688500,1787.82
598,9/17/2013,1970,1980,1870,1880,38198000,1846.76
599,9/16/2013,1910,2025,1910,1940,72464000,1905.7
600,9/13/2013,1870,1940,1840,1880,94471000,1846.76
601,9/12/2013,1740,1870,1740,1870,82457500,1836.94
602,9/11/2013,1800,1840,1720,1720,56018000,1689.59
603,9/10/2013,1710,1770,1700,1770,76214000,1738.71
604,9/9/2013,1680,1710,1650,1690,35069500,1660.12
605,9/6/2013,1710,1710,1620,1640,13072500,1611
606,9/5/2013,1780,1790,1680,1690,22267500,1660.12
607,9/4/2013,1740,1790,1720,1750,19921000,1719.06
608,9/3/2013,1750,1780,1730,1740,19477000,1709.24
609,9/2/2013,1750,1840,1710,1730,37506500,1699.41
610,8/30/2013,1700,1780,1690,1740,44188500,1709.24
611,8/29/2013,1680,1740,1650,1700,48057000,1669.94
612,8/28/2013,1400,1670,1350,1670,61125500,1640.47
613,8/27/2013,1600,1600,1450,1460,26548000,1434.19
614,8/26/2013,1730,1750,1600,1610,44647500,1581.54
615,8/23/2013,1740,1850,1680,1680,86743500,1650.3
616,8/22/2013,1910,1930,1700,1700,74456000,1669.94
617,8/21/2013,1860,1960,1840,1930,35042500,1895.88
618,8/20/2013,1880,1910,1790,1870,38936500,1836.94
619,8/19/2013,2100,2100,1920,1920,44920500,1886.05
620,8/16/2013,2150,2150,2075,2125,9575500,2087.43
621,8/15/2013,2175,2200,2150,2200,11852000,2161.1
622,8/14/2013,2200,2250,2150,2200,16224500,2161.1
623,8/13/2013,2050,2200,2050,2200,25651500,2161.1
624,8/12/2013,2075,2125,2050,2075,5837000,2038.31
625,8/9/2013,2100,2100,2100,2100,0,2062.87
630,8/2/2013,2150,2150,2075,2100,10839000,2062.87
631,8/1/2013,2100,2150,2075,2100,13635500,2062.87
632,7/31/2013,2075,2125,2025,2075,16972000,2038.31
633,7/30/2013,2125,2175,2050,2075,12917500,2038.31
634,7/29/2013,2125,2125,2050,2125,13602000,2087.43
635,7/26/2013,2175,2175,2100,2125,5405000,2087.43
636,7/25/2013,2125,2175,2050,2175,22094500,2136.55
637,7/24/2013,2225,2250,2100,2125,24910000,2087.43
638,7/23/2013,2225,2250,2175,2200,15868500,2161.1
639,7/22/2013,2175,2225,2125,2175,26372500,2136.55
640,7/19/2013,2250,2300,2150,2150,21789000,2111.99
641,7/18/2013,2175,2325,2175,2250,52571500,2210.22
642,7/17/2013,2150,2200,2100,2175,39920000,2136.55
643,7/16/2013,2000,2225,1990,2150,87848500,2111.99
644,7/15/2013,1920,2000,1910,1980,22827500,1944.99
645,7/12/2013,2050,2075,1910,1910,36114500,1876.23
647,7/10/2013,1690,1970,1640,1940,129523500,1905.7
648,7/9/2013,1780,1790,1590,1690,102156500,1660.12
649,7/8/2013,1890,1920,1730,1760,34672000,1728.88
650,7/5/2013,1920,1950,1840,1920,47822500,1886.05
651,7/4/2013,2025,2075,1880,1910,37815500,1876.23
652,7/3/2013,2175,2175,2000,2000,35241000,1964.64
653,7/2/2013,2150,2200,2100,2175,22070500,2136.55
654,7/1/2013,2150,2175,2050,2150,18386500,2111.99
655,6/28/2013,2050,2200,2050,2050,26229000,2013.76
656,6/27/2013,2125,2200,2100,2125,35325500,2087.43
657,6/26/2013,2075,2125,2000,2075,38725500,2038.31
658,6/25/2013,2075,2100,1930,2075,57316500,2038.31
659,6/24/2013,2000,2250,2000,2000,44626000,1964.64
660,6/21/2013,2225,2250,2050,2225,41985000,2185.66
661,6/20/2013,2175,2300,2150,2175,29127500,2136.55
662,6/19/2013,2325,2450,2325,2325,16567500,2283.89
663,6/18/2013,2400,2450,2350,2400,34221500,2357.57
664,6/17/2013,2325,2500,2300,2325,45336500,2283.89
665,6/14/2013,2400,2425,2300,2400,27084000,2357.57
666,6/13/2013,2275,2325,2150,2275,50030000,2234.78
667,6/12/2013,2300,2325,2050,2300,62314500,2259.34
668,6/11/2013,2125,2375,2100,2125,51425000,2087.43
669,6/10/2013,2350,2525,2275,2350,21233000,2308.45
670,6/7/2013,2375,2450,2325,2375,17731000,2333.01
672,6/5/2013,2450,2600,2450,2450,40426500,2406.68
673,6/4/2013,2575,2675,2350,2575,49441500,2529.47
674,6/3/2013,2600,2875,2575,2600,27942500,2554.03
675,5/31/2013,2825,2900,2775,2825,16467500,2775.05
676,5/30/2013,2875,2875,2700,2875,29359000,2824.17
677,5/29/2013,2775,2825,2675,2775,27930000,2704.01
678,5/28/2013,2725,2750,2600,2725,38301000,2655.29
679,5/27/2013,2625,2625,2550,2625,11619000,2557.85
680,5/24/2013,2575,2625,2525,2575,20288000,2509.13
681,5/23/2013,2525,2625,2475,2525,26495000,2460.41
682,5/22/2013,2625,2625,2500,2625,13228000,2557.85
683,5/21/2013,2500,2625,2500,2500,15786500,2436.05
684,5/20/2013,2575,2625,2550,2575,11826500,2509.13
685,5/17/2013,2550,2575,2550,2550,4561500,2484.77
686,5/16/2013,2575,2650,2550,2575,16353500,2509.13
687,5/15/2013,2600,2625,2575,2600,16198500,2533.49
688,5/14/2013,2575,2625,2525,2575,12755000,2509.13
689,5/13/2013,2600,2650,2550,2600,13200500,2533.49
690,5/10/2013,2600,2650,2550,2600,6298500,2533.49
692,5/8/2013,2575,2650,2575,2575,17283000,2509.13
693,5/7/2013,2625,2650,2425,2625,33877000,2557.85
694,5/6/2013,2450,2500,2400,2450,20470000,2387.33
695,5/3/2013,2400,2525,2375,2400,34310000,2338.6
696,5/2/2013,2425,2475,2400,2425,9350000,2362.96
697,5/1/2013,2475,2500,2400,2475,14578000,2411.69
698,4/30/2013,2400,2475,2375,2400,20952000,2338.6
699,4/29/2013,2425,2450,2325,2425,36771000,2362.96
700,4/26/2013,2325,2325,2200,2325,22992500,2265.52
701,4/25/2013,2200,2275,2175,2200,12986000,2143.72
702,4/24/2013,2250,2300,2225,2250,8962000,2192.44
703,4/23/2013,2250,2250,2250,2250,0,2192.44
704,4/22/2013,2250,2250,2250,2250,0,2192.44
705,4/19/2013,2250,2375,2250,2250,19779500,2192.44
706,4/18/2013,2300,2325,2200,2300,20564500,2241.16
707,4/17/2013,2225,2275,2225,2225,15021000,2168.08
709,4/15/2013,2150,2200,2100,2150,8342500,2095
710,4/12/2013,2200,2250,2125,2200,27202000,2143.72
711,4/11/2013,2125,2150,1970,2125,33211000,2070.64
712,4/10/2013,1970,2050,1950,1970,13755500,1919.6
713,4/9/2013,2000,2075,1990,2000,22482000,1948.84
714,4/8/2013,2050,2125,2025,2050,12005000,1997.56
715,4/5/2013,2125,2125,2025,2125,20198500,2070.64
716,4/4/2013,2025,2125,2025,2025,26836000,1973.2
717,4/3/2013,2075,2100,2000,2075,21640000,2021.92
718,4/2/2013,2075,2100,2000,2075,21640000,2021.92
719,4/1/2013,2050,2050,1990,2050,18026000,1997.56
721,3/28/2013,2025,2050,1970,2025,33847000,1973.2
722,3/27/2013,2025,2075,1990,2025,40122000,1973.2
723,3/26/2013,1980,2025,1940,1980,27580000,1929.35
724,3/25/2013,1960,1970,1860,1960,45552000,1909.86
725,3/22/2013,1860,1970,1850,1860,48881500,1812.42
726,3/21/2013,1950,2025,1950,1950,37527500,1900.12
727,3/20/2013,2000,2025,1820,2000,93557500,1948.84
728,3/19/2013,1820,1850,1760,1820,41370000,1773.44
729,3/18/2013,1760,1770,1740,1760,18423500,1714.98
730,3/15/2013,1770,1770,1710,1770,31517500,1724.72
731,3/14/2013,1710,1770,1680,1710,52208000,1666.26
732,3/13/2013,1760,1810,1760,1760,23872000,1714.98
734,3/11/2013,1790,1840,1780,1790,11620500,1744.21
735,3/8/2013,1820,1870,1810,1820,34360000,1773.44
736,3/7/2013,1820,1860,1810,1820,19766500,1773.44
737,3/6/2013,1840,1850,1770,1840,56516000,1792.93
738,3/5/2013,1770,1780,1720,1770,28691000,1724.72
740,3/1/2013,1760,1790,1750,1760,35995500,1714.98
741,2/28/2013,1770,1780,1690,1770,90418500,1724.72
742,2/27/2013,1690,1700,1670,1690,26032500,1646.77
743,2/26/2013,1660,1680,1640,1660,19387000,1617.53
744,2/25/2013,1650,1680,1650,1650,16777000,1607.79
745,2/22/2013,1660,1680,1650,1660,15967000,1617.53
746,2/21/2013,1660,1700,1650,1660,37102000,1617.53
747,2/20/2013,1680,1690,1630,1680,41326500,1637.02
748,2/19/2013,1640,1680,1640,1640,6456500,1598.05
749,2/18/2013,1660,1680,1640,1660,22462500,1617.53
750,2/15/2013,1650,1670,1650,1650,12698500,1607.79
752,2/13/2013,1650,1660,1630,1650,11844500,1607.79
753,2/12/2013,1630,1640,1620,1630,3811500,1588.3
754,2/11/2013,1630,1640,1620,1630,4043500,1588.3
755,2/8/2013,1630,1660,1630,1630,16894500,1588.3
756,2/7/2013,1640,1660,1600,1640,35274500,1598.05
757,2/6/2013,1610,1630,1600,1610,18603000,1568.81
758,2/5/2013,1610,1640,1590,1610,37595500,1568.81
759,2/4/2013,1640,1710,1640,1640,43533500,1598.05
760,2/1/2013,1640,1680,1630,1640,15750500,1598.05
761,1/31/2013,1650,1660,1630,1650,11906500,1607.79
762,1/30/2013,1650,1670,1640,1650,9738000,1607.79
763,1/29/2013,1660,1670,1650,1660,7853000,1617.53
764,1/28/2013,1660,1690,1640,1660,17102000,1617.53
765,1/25/2013,1680,1700,1660,1680,13756500,1637.02
767,1/23/2013,1670,1720,1650,1670,18718000,1627.28
768,1/22/2013,1640,1640,1640,1640,0,1598.05
769,1/21/2013,1640,1680,1630,1640,11572000,1598.05
770,1/18/2013,1650,1700,1650,1650,10039500,1607.79
771,1/17/2013,1690,1730,1660,1690,12056000,1646.77
772,1/16/2013,1710,1730,1650,1710,40224000,1666.26
773,1/15/2013,1660,1680,1600,1660,17445500,1617.53
774,1/14/2013,1640,1660,1620,1640,7100500,1598.05
775,1/11/2013,1640,1690,1620,1640,20890000,1598.05
776,1/10/2013,1650,1700,1590,1650,58159000,1607.79
777,1/9/2013,1590,1600,1530,1590,45808500,1549.33
779,1/7/2013,1520,1540,1510,1520,12175500,1481.12
780,1/4/2013,1530,1540,1510,1530,28271000,1490.86
781,1/3/2013,1530,1560,1530,1530,16848500,1490.86
782,1/2/2013,1530,1550,1470,1530,28809000,1490.86
785,12/28/2012,1480,1490,1480,1480,17080500,1442.14
786,12/27/2012,1490,1510,1470,1490,32271500,1451.88
787,12/26/2012,1480,1490,1410,1480,27053500,1442.14
790,12/21/2012,1420,1440,1380,1420,30256500,1383.67
791,12/20/2012,1390,1420,1360,1390,18801500,1354.44
792,12/19/2012,1400,1480,1390,1400,23191500,1364.19
793,12/18/2012,1470,1520,1470,1470,8558500,1432.4
794,12/17/2012,1490,1520,1480,1490,11867500,1451.88
795,12/14/2012,1480,1490,1440,1480,24574000,1442.14
796,12/13/2012,1450,1530,1430,1450,48058000,1412.91
797,12/12/2012,1530,1600,1530,1530,15632000,1490.86
798,12/11/2012,1570,1570,1550,1570,15519500,1529.84
799,12/10/2012,1550,1580,1540,1550,9380000,1510.35
800,12/7/2012,1560,1610,1560,1560,8427000,1520.09
801,12/6/2012,1600,1620,1570,1600,16562000,1559.07
802,12/5/2012,1600,1610,1540,1600,24360500,1559.07
803,12/4/2012,1550,1590,1520,1550,30011500,1510.35
804,12/3/2012,1580,1650,1570,1580,15151500,1539.58
805,11/30/2012,1630,1630,1550,1630,19837500,1588.3
806,11/29/2012,1610,1630,1550,1610,18232500,1568.81
807,11/28/2012,1590,1590,1520,1590,15736000,1549.33
808,11/27/2012,1540,1580,1530,1540,19411000,1500.6
809,11/26/2012,1530,1550,1480,1530,19505500,1490.86
810,11/23/2012,1500,1520,1490,1500,9809000,1461.63
811,11/22/2012,1510,1530,1470,1510,36811000,1471.37
812,11/21/2012,1470,1470,1400,1470,18719500,1432.4
813,11/20/2012,1410,1440,1400,1410,11938000,1373.93
814,11/19/2012,1420,1440,1390,1420,14911500,1383.67
816,11/14/2012,1430,1440,1430,1430,4468000,1393.42
817,11/13/2012,1440,1450,1420,1440,12005000,1403.16
818,11/12/2012,1450,1470,1420,1450,28706500,1412.91
819,11/9/2012,1430,1440,1380,1430,40162500,1393.42
820,11/8/2012,1380,1390,1350,1380,29909000,1344.7
821,11/7/2012,1370,1380,1330,1370,29453500,1334.95
822,11/6/2012,1330,1330,1310,1330,10089500,1295.98
823,11/5/2012,1310,1350,1300,1310,20814500,1276.49
824,11/2/2012,1350,1370,1350,1350,5128500,1315.47
825,11/1/2012,1360,1370,1350,1360,16011500,1325.21
826,10/31/2012,1370,1390,1360,1370,14254500,1334.95
827,10/30/2012,1380,1380,1340,1380,22325000,1344.7
828,10/29/2012,1350,1370,1340,1350,17032000,1315.47
830,10/25/2012,1370,1390,1360,1370,21090500,1334.95
831,10/24/2012,1370,1390,1360,1370,12879500,1334.95
832,10/23/2012,1390,1410,1370,1390,14037500,1354.44
833,10/22/2012,1400,1400,1350,1400,22238000,1364.19
834,10/19/2012,1380,1420,1340,1380,43206500,1344.7
835,10/18/2012,1390,1440,1360,1390,38095500,1354.44
836,10/17/2012,1350,1370,1350,1350,5678500,1315.47
837,10/16/2012,1350,1390,1340,1350,10660000,1315.47
838,10/15/2012,1360,1390,1330,1360,22774000,1325.21
839,10/12/2012,1330,1380,1330,1330,15343000,1295.98
840,10/11/2012,1360,1390,1360,1360,9112000,1325.21
841,10/10/2012,1380,1390,1350,1380,11555500,1344.7
842,10/9/2012,1390,1410,1370,1390,21458000,1354.44
843,10/8/2012,1390,1430,1330,1390,37795500,1354.44
844,10/5/2012,1430,1460,1360,1430,16695500,1393.42
845,10/4/2012,1430,1500,1410,1430,13545000,1393.42
846,10/3/2012,1430,1550,1290,1430,41632500,1393.42
847,10/2/2012,1290,1290,1260,1290,10444000,1257
848,10/1/2012,1260,1260,1210,1260,7859500,1227.77
849,9/28/2012,1210,1220,1180,1210,3888500,1179.05
850,9/27/2012,1190,1230,1180,1190,5272000,1159.56
851,9/26/2012,1210,1240,1200,1210,4789000,1179.05
852,9/25/2012,1230,1270,1220,1230,10406000,1198.53
853,9/24/2012,1250,1260,1180,1250,15705500,1218.02
854,9/21/2012,1190,1230,1150,1190,14651000,1159.56
855,9/20/2012,1160,1160,1130,1160,4234500,1130.33
856,9/19/2012,1140,1140,1110,1140,1114500,1110.84
857,9/18/2012,1120,1130,1110,1120,3936500,1091.35
858,9/17/2012,1130,1160,1130,1130,2588500,1101.09
859,9/14/2012,1140,1150,1130,1140,3623000,1110.84
860,9/13/2012,1130,1140,1120,1130,2017000,1101.09
861,9/12/2012,1140,1140,1130,1140,4051500,1110.84
862,9/11/2012,1150,1160,1130,1150,1656500,1120.58
863,9/10/2012,1160,1160,1140,1160,4994500,1130.33
864,9/7/2012,1150,1160,1110,1150,15854000,1120.58
865,9/6/2012,1110,1110,1080,1110,7210000,1081.6
866,9/5/2012,1090,1110,1090,1090,10311000,1062.12
867,9/4/2012,1100,1120,1080,1100,23436000,1071.86
868,9/3/2012,1080,1090,1050,1080,9545500,1052.37
869,8/31/2012,1050,1060,1030,1050,5795000,1023.14
870,8/30/2012,1040,1050,1030,1040,3637500,1013.4
871,8/29/2012,1060,1080,1030,1060,11775500,1032.88
872,8/28/2012,1070,1100,1060,1070,2358500,1042.63
873,8/27/2012,1090,1100,1080,1090,283000,1062.12
874,8/24/2012,1100,1100,1060,1100,5529500,1071.86
875,8/23/2012,1070,1080,1060,1070,2458000,1042.63
880,8/16/2012,1070,1080,1050,1070,9664500,1042.63
881,8/15/2012,1060,1100,1050,1060,7417500,1032.88
882,8/14/2012,1100,1100,1060,1100,2297500,1071.86
883,8/13/2012,1090,1130,1080,1090,2428500,1062.12
884,8/10/2012,1130,1130,1080,1130,6641500,1101.09
885,8/9/2012,1090,1110,1050,1090,16922500,1062.12
886,8/8/2012,1060,1090,1050,1060,6242500,1032.88
887,8/7/2012,1080,1090,1020,1080,27527500,1052.37
888,8/6/2012,1030,1040,1010,1030,13568500,1003.65
889,8/3/2012,1010,1010,990,1010,4551500,984.16
890,8/2/2012,1010,1010,980,1010,1454000,984.16
891,8/1/2012,1000,1020,1000,1000,1986000,974.42
892,7/31/2012,1000,1030,990,1000,5406000,974.42
893,7/30/2012,1030,1040,1010,1030,6622000,1003.65
894,7/27/2012,1030,1040,1020,1030,3728500,1003.65
895,7/26/2012,1030,1030,1000,1030,1984500,1003.65
896,7/25/2012,1010,1010,1000,1010,1070000,984.16
897,7/24/2012,1010,1020,1000,1010,4142500,984.16
898,7/23/2012,1000,1020,990,1000,2078000,974.42
899,7/20/2012,1030,1040,1020,1030,3021000,1003.65
900,7/19/2012,1040,1050,1020,1040,7814500,1013.4
901,7/18/2012,1050,1060,1040,1050,4535000,1023.14
902,7/17/2012,1050,1060,1020,1050,17733000,1023.14
903,7/16/2012,1030,1040,1020,1030,4257500,1003.65
904,7/13/2012,1020,1060,1010,1020,10584000,993.91
905,7/12/2012,1010,1020,980,1010,3263500,984.16
906,7/11/2012,1000,1010,990,1000,1331500,974.42
907,7/10/2012,1000,1010,990,1000,2429000,974.42
908,7/9/2012,1000,1030,980,1000,12723000,974.42
909,7/6/2012,1050,1050,1020,1050,2137500,1023.14
910,7/5/2012,1020,1050,1020,1020,4256000,993.91
911,7/4/2012,1050,1070,1040,1050,3624500,1023.14
912,7/3/2012,1060,1070,1040,1060,9453000,1032.88
913,7/2/2012,1040,1050,1030,1040,5164000,1013.4
914,6/29/2012,1010,1050,1020,1050,10887500,1023.14
915,6/28/2012,1010,1030,1000,1010,11701500,984.16
916,6/27/2012,990,1030,990,1010,13849500,984.16
917,6/26/2012,970,1000,970,990,9771000,964.67
918,6/25/2012,990,1010,970,970,10640500,945.19
919,6/22/2012,990,1000,970,990,6517500,964.67
920,6/21/2012,990,1010,950,990,16143000,964.67
921,6/20/2012,950,950,930,950,10934000,925.7
922,6/19/2012,930,940,910,930,3084000,906.21
923,6/18/2012,940,960,930,940,3094000,915.95
924,6/15/2012,930,950,920,930,3696500,906.21
925,6/14/2012,920,980,910,920,7874000,896.47
926,6/13/2012,980,1010,980,980,8980000,954.93
927,6/12/2012,1000,1030,960,1000,17623500,974.42
928,6/11/2012,980,980,960,980,8653000,954.93
929,6/8/2012,960,960,950,960,6271500,935.44
930,6/7/2012,960,980,950,960,20141000,935.44
931,6/6/2012,950,970,940,950,5929000,925.7
932,6/5/2012,930,970,880,930,11939000,906.21
933,6/4/2012,870,920,870,870,23827000,847.74
934,6/1/2012,920,930,910,920,4272500,896.47
935,5/31/2012,920,940,890,920,10062000,896.47
936,5/30/2012,950,1000,920,950,16934500,925.7
937,5/29/2012,990,1000,990,990,6584000,964.67
938,5/28/2012,1000,1010,970,1000,20872500,974.42
939,5/25/2012,1000,1010,970,1000,22786000,974.42
940,5/24/2012,1020,1020,990,1020,8120500,993.91
941,5/23/2012,1010,1030,970,1010,15971500,967.05
942,5/22/2012,1030,1060,1030,1030,8488000,986.2
943,5/21/2012,1030,1030,990,1030,7260500,986.2
946,5/16/2012,1020,1020,960,1020,10261500,976.63
947,5/15/2012,1000,1030,970,1000,12587000,957.48
948,5/14/2012,1010,1060,1000,1010,13268000,967.05
949,5/11/2012,1050,1050,1020,1050,8372500,1005.35
950,5/10/2012,1040,1060,1020,1040,14656000,995.78
951,5/9/2012,1060,1070,1040,1060,4732500,1014.93
952,5/8/2012,1090,1100,1070,1090,4083500,1043.65
953,5/7/2012,1090,1100,1050,1090,19444000,1043.65
954,5/4/2012,1100,1110,1050,1100,18327000,1053.23
955,5/3/2012,1090,1100,1040,1090,11185000,1043.65
956,5/2/2012,1040,1060,990,1040,22970000,995.78
957,5/1/2012,990,1000,890,990,7852500,947.9
958,4/30/2012,980,980,940,980,19059500,938.33
959,4/27/2012,940,960,930,940,6065000,900.03
960,4/26/2012,960,970,940,960,22545500,919.18
961,4/25/2012,940,940,920,940,8179000,900.03
962,4/24/2012,910,920,890,910,6929000,871.31
963,4/23/2012,910,940,900,910,10282500,871.31
964,4/20/2012,930,950,930,930,4197000,890.46
965,4/19/2012,940,950,930,940,7998000,900.03
966,4/18/2012,960,970,950,960,15328000,919.18
967,4/17/2012,950,970,910,950,25456000,909.61
968,4/16/2012,910,940,910,910,3355500,871.31
969,4/13/2012,940,950,930,940,11637000,900.03
970,4/12/2012,920,920,890,920,14130500,880.88
971,4/11/2012,890,900,880,890,11588000,852.16
972,4/10/2012,880,910,880,880,11127500,842.58
973,4/9/2012,880,900,880,880,1149500,842.58
975,4/5/2012,900,920,880,900,15404500,861.73
976,4/4/2012,880,910,880,880,13315000,842.58
977,4/3/2012,910,910,910,910,0,871.31
978,4/2/2012,910,910,890,910,9987500,871.31
979,3/30/2012,910,910,890,910,29068500,871.31
980,3/29/2012,910,920,860,910,36917000,871.31
981,3/28/2012,860,870,840,860,15989500,823.43
982,3/27/2012,870,870,830,870,14023500,833.01
983,3/26/2012,830,840,820,830,12687000,794.71
985,3/22/2012,830,850,800,830,17723000,794.71
986,3/21/2012,800,810,800,800,5188500,765.98
987,3/20/2012,810,830,800,810,20562000,775.56
988,3/19/2012,830,850,830,830,5912000,794.71
989,3/16/2012,850,870,780,850,20282500,813.86
990,3/15/2012,790,810,790,790,3210000,756.41
991,3/14/2012,800,820,800,800,5876500,765.98
992,3/13/2012,810,820,800,810,7030500,775.56
993,3/12/2012,810,830,810,810,10942000,775.56
994,3/9/2012,830,830,800,830,12441000,794.71
995,3/8/2012,810,810,790,810,9063500,775.56
996,3/7/2012,800,800,750,800,45572000,765.98
997,3/6/2012,760,770,750,760,46614500,727.68
998,3/5/2012,760,780,740,760,44712000,727.68
999,3/2/2012,740,760,740,740,35559000,708.53
1000,3/1/2012,730,750,730,730,29668000,698.96
1001,2/29/2012,730,750,730,730,15145000,698.96
1002,2/28/2012,730,750,730,730,18219000,698.96
1003,2/27/2012,740,750,730,740,2439500,708.53
1004,2/24/2012,750,760,730,750,9030500,718.11
1005,2/23/2012,760,770,740,760,22777500,727.68
1006,2/22/2012,750,760,750,750,5532000,718.11
1007,2/21/2012,760,780,760,760,7234000,727.68
1009,2/17/2012,760,770,750,760,11428000,727.68
1010,2/16/2012,760,770,740,760,17541500,727.68
1011,2/15/2012,760,760,720,760,29605000,727.68
1012,2/14/2012,720,720,680,720,10157000,689.38
1013,2/13/2012,690,690,680,690,608000,660.66
1014,2/10/2012,690,700,680,690,2551500,660.66
1015,2/9/2012,690,700,680,690,2002000,660.66
1016,2/8/2012,690,690,670,690,2757500,660.66
1017,2/7/2012,670,690,660,670,5406500,641.51
1018,2/6/2012,690,720,680,690,2378500,660.66
1019,2/3/2012,710,730,700,710,3931500,679.81
1020,2/2/2012,710,730,710,710,4518000,679.81
1021,2/1/2012,720,730,700,720,9047500,689.38
1022,1/31/2012,710,710,680,710,16392500,679.81
1023,1/30/2012,690,710,680,690,7161500,660.66
1024,1/27/2012,710,720,700,710,26479500,679.81
1025,1/26/2012,710,710,690,710,14059500,679.81
1026,1/25/2012,700,700,660,700,16688000,670.24
1027,1/24/2012,660,660,640,660,6381500,631.94
1029,1/20/2012,640,650,630,640,4705500,612.79
1030,1/19/2012,650,650,630,650,27524000,622.36
1031,1/18/2012,630,640,620,630,6082500,603.21
1032,1/17/2012,640,640,620,640,5994000,612.79
1033,1/16/2012,630,640,600,630,20134000,603.21
1034,1/13/2012,610,610,610,610,0,584.06
1035,1/12/2012,610,620,600,610,3962000,584.06
1036,1/11/2012,620,640,620,620,1604500,593.64
1037,1/10/2012,630,630,620,630,2710500,603.21
1038,1/9/2012,630,630,610,630,5286000,603.21
1039,1/6/2012,620,630,610,620,4861500,593.64
1040,1/5/2012,630,630,620,630,5330000,603.21
1041,1/4/2012,620,630,610,620,11616000,593.64
1042,1/3/2012,610,620,600,610,1305000,584.06
