Date,Open,High,Low,Close,Volume,Adj Close,Traded Value
1/2/2012,610,610,600,610,481500,584.06,281224890
1/3/2012,610,620,600,610,1305000,584.06,762198300
1/4/2012,620,630,610,620,11616000,593.64,6895722240
1/5/2012,630,630,620,630,5330000,603.21,3215109300
1/6/2012,620,630,610,620,4861500,593.64,2885980860
1/9/2012,630,630,610,630,5286000,603.21,3188568060
1/10/2012,630,630,620,630,2710500,603.21,1635000705
1/11/2012,620,640,620,620,1604500,593.64,952495380
1/12/2012,610,620,600,610,3962000,584.06,2314045720
1/13/2012,610,610,610,610,0,584.06,0
1/16/2012,630,640,600,630,20134000,603.21,12145030140
1/17/2012,640,640,620,640,5994000,612.79,3673063260
1/18/2012,630,640,620,630,6082500,603.21,3669024825
1/19/2012,650,650,630,650,27524000,622.36,17129836640
1/20/2012,640,650,630,640,4705500,612.79,2883483345
1/23/2012,640,640,640,640,0,612.79,0
1/24/2012,660,660,640,660,6381500,631.94,4032725110
1/25/2012,700,700,660,700,16688000,670.24,11184965120
1/26/2012,710,710,690,710,14059500,679.81,9557788695
1/27/2012,710,720,700,710,26479500,679.81,18001028895
1/30/2012,690,710,680,690,7161500,660.66,4731316590
1/31/2012,710,710,680,710,16392500,679.81,11143785425
2/1/2012,720,730,700,720,9047500,689.38,6237165550
2/2/2012,710,730,710,710,4518000,679.81,3071381580
2/3/2012,710,730,700,710,3931500,679.81,2672673015
2/6/2012,690,720,680,690,2378500,660.66,1571379810
2/7/2012,670,690,660,670,5406500,641.51,3468323815
2/8/2012,690,690,670,690,2757500,660.66,1821769950
2/9/2012,690,700,680,690,2002000,660.66,1322641320
2/10/2012,690,700,680,690,2551500,660.66,1685673990
2/13/2012,690,690,680,690,608000,660.66,401681280
2/14/2012,720,720,680,720,10157000,689.38,7002032660
2/15/2012,760,760,720,760,29605000,727.68,21542966400
2/16/2012,760,770,740,760,17541500,727.68,12764598720
2/17/2012,760,770,750,760,11428000,727.68,8315927040
2/20/2012,770,770,750,770,6252500,737.26,4609718150
2/21/2012,760,780,760,760,7234000,727.68,5264037120
2/22/2012,750,760,750,750,5532000,718.11,3972584520
2/23/2012,760,770,740,760,22777500,727.68,16574731200
2/24/2012,750,760,730,750,9030500,718.11,6484892355
2/27/2012,740,750,730,740,2439500,708.53,1728458935
2/28/2012,730,750,730,730,18219000,698.96,12734352240
2/29/2012,730,750,730,730,15145000,698.96,10585749200
3/1/2012,730,750,730,730,29668000,698.96,20736745280
3/2/2012,740,760,740,740,35559000,708.53,25194618270
3/5/2012,760,780,740,760,44712000,727.68,32536028160
3/6/2012,760,770,750,760,46614500,727.68,33920439360
3/7/2012,800,800,750,800,45572000,765.98,34907240560
3/8/2012,810,810,790,810,9063500,775.56,7029288060
3/9/2012,830,830,800,830,12441000,794.71,9886987110
3/12/2012,810,830,810,810,10942000,775.56,8486177520
3/13/2012,810,820,800,810,7030500,775.56,5452574580
3/14/2012,800,820,800,800,5876500,765.98,4501281470
3/15/2012,790,810,790,790,3210000,756.41,2428076100
3/16/2012,850,870,780,850,20282500,813.86,16507115450
3/19/2012,830,850,830,830,5912000,794.71,4698325520
3/20/2012,810,830,800,810,20562000,775.56,15947064720
3/21/2012,800,810,800,800,5188500,765.98,3974287230
3/22/2012,830,850,800,830,17723000,794.71,14084645330
3/23/2012,830,830,830,830,0,794.71,0
3/26/2012,830,840,820,830,12687000,794.71,10082485770
3/27/2012,870,870,830,870,14023500,833.01,11681715735
3/28/2012,860,870,840,860,15989500,823.43,13166233985
3/29/2012,910,920,860,910,36917000,871.31,32166151270
3/30/2012,910,910,890,910,29068500,871.31,25327674735
4/2/2012,910,910,890,910,9987500,871.31,8702208625
4/3/2012,910,910,910,910,0,871.31,0
4/4/2012,880,910,880,880,13315000,842.58,11218952700
4/5/2012,900,920,880,900,15404500,861.73,13274519785
4/6/2012,900,900,900,900,0,861.73,0
4/9/2012,880,900,880,880,1149500,842.58,968545710
4/10/2012,880,910,880,880,11127500,842.58,9375808950
4/11/2012,890,900,880,890,11588000,852.16,9874830080
4/12/2012,920,920,890,920,14130500,880.88,12447274840
4/13/2012,940,950,930,940,11637000,900.03,10473649110
4/16/2012,910,940,910,910,3355500,871.31,2923680705
4/17/2012,950,970,910,950,25456000,909.61,23155032160
4/18/2012,960,970,950,960,15328000,919.18,14089191040
4/19/2012,940,950,930,940,7998000,900.03,7198439940
4/20/2012,930,950,930,930,4197000,890.46,3737260620
4/23/2012,910,940,900,910,10282500,871.31,8959245075
4/24/2012,910,920,890,910,6929000,871.31,6037306990
4/25/2012,940,940,920,940,8179000,900.03,7361345370
4/26/2012,960,970,940,960,22545500,919.18,20723372690
4/27/2012,940,960,930,940,6065000,900.03,5458681950
4/30/2012,980,980,940,980,19059500,938.33,17884100635
5/1/2012,990,1000,890,990,7852500,947.9,7443384750
5/2/2012,1040,1060,990,1040,22970000,995.78,22873066600
5/3/2012,1090,1100,1040,1090,11185000,1043.65,11673225250
5/4/2012,1100,1110,1050,1100,18327000,1053.23,19302546210
5/7/2012,1090,1100,1050,1090,19444000,1043.65,20292730600
5/8/2012,1090,1100,1070,1090,4083500,1043.65,4261744775
5/9/2012,1060,1070,1040,1060,4732500,1014.93,4803156225
5/10/2012,1040,1060,1020,1040,14656000,995.78,14594151680
5/11/2012,1050,1050,1020,1050,8372500,1005.35,8417292875
5/14/2012,1010,1060,1000,1010,13268000,967.05,12830819400
5/15/2012,1000,1030,970,1000,12587000,957.48,12051800760
5/16/2012,1020,1020,960,1020,10261500,976.63,10021688745
5/17/2012,1020,1020,1020,1020,0,976.63,0
5/18/2012,1020,1020,1020,1020,0,976.63,0
5/21/2012,1030,1030,990,1030,7260500,986.2,7160305100
5/22/2012,1030,1060,1030,1030,8488000,986.2,8370865600
5/23/2012,1010,1030,970,1010,15971500,967.05,15445239075
5/24/2012,1020,1020,990,1020,8120500,993.91,8071046155
5/25/2012,1000,1010,970,1000,22786000,974.42,22203134120
5/28/2012,1000,1010,970,1000,20872500,974.42,20338581450
5/29/2012,990,1000,990,990,6584000,964.67,6351387280
5/30/2012,950,1000,920,950,16934500,925.7,15676266650
5/31/2012,920,940,890,920,10062000,896.47,9020281140
6/1/2012,920,930,910,920,4272500,896.47,3830168075
6/4/2012,870,920,870,870,23827000,847.74,20199100980
6/5/2012,930,970,880,930,11939000,906.21,10819241190
6/6/2012,950,970,940,950,5929000,925.7,5488475300
6/7/2012,960,980,950,960,20141000,935.44,18840697040
6/8/2012,960,960,950,960,6271500,935.44,5866611960
6/11/2012,980,980,960,980,8653000,954.93,8263009290
6/12/2012,1000,1030,960,1000,17623500,974.42,17172690870
6/13/2012,980,1010,980,980,8980000,954.93,8575271400
6/14/2012,920,980,910,920,7874000,896.47,7058804780
6/15/2012,930,950,920,930,3696500,906.21,3349805265
6/18/2012,940,960,930,940,3094000,915.95,2833949300
6/19/2012,930,940,910,930,3084000,906.21,2794751640
6/20/2012,950,950,930,950,10934000,925.7,10121603800
6/21/2012,990,1010,950,990,16143000,964.67,15572667810
6/22/2012,990,1000,970,990,6517500,964.67,6287236725
6/25/2012,990,1010,970,970,10640500,945.19,10057294195
6/26/2012,970,1000,970,990,9771000,964.67,9425790570
6/27/2012,990,1030,990,1010,13849500,984.16,13630123920
6/28/2012,1010,1030,1000,1010,11701500,984.16,11516148240
6/29/2012,1010,1050,1020,1050,10887500,1023.14,11139436750
7/2/2012,1040,1050,1030,1040,5164000,1013.4,5233197600
7/3/2012,1060,1070,1040,1060,9453000,1032.88,9763814640
7/4/2012,1050,1070,1040,1050,3624500,1023.14,3708370930
7/5/2012,1020,1050,1020,1020,4256000,993.91,4230080960
7/6/2012,1050,1050,1020,1050,2137500,1023.14,2186961750
7/9/2012,1000,1030,980,1000,12723000,974.42,12397545660
7/10/2012,1000,1010,990,1000,2429000,974.42,2366866180
7/11/2012,1000,1010,990,1000,1331500,974.42,1297440230
7/12/2012,1010,1020,980,1010,3263500,984.16,3211806160
7/13/2012,1020,1060,1010,1020,10584000,993.91,10519543440
7/16/2012,1030,1040,1020,1030,4257500,1003.65,4273039875
7/17/2012,1050,1060,1020,1050,17733000,1023.14,18143341620
7/18/2012,1050,1060,1040,1050,4535000,1023.14,4639939900
7/19/2012,1040,1050,1020,1040,7814500,1013.4,7919214300
7/20/2012,1030,1040,1020,1030,3021000,1003.65,3032026650
7/23/2012,1000,1020,990,1000,2078000,974.42,2024844760
7/24/2012,1010,1020,1000,1010,4142500,984.16,4076882800
7/25/2012,1010,1010,1000,1010,1070000,984.16,1053051200
7/26/2012,1030,1030,1000,1030,1984500,1003.65,1991743425
7/27/2012,1030,1040,1020,1030,3728500,1003.65,3742109025
7/30/2012,1030,1040,1010,1030,6622000,1003.65,6646170300
7/31/2012,1000,1030,990,1000,5406000,974.42,5267714520
8/1/2012,1000,1020,1000,1000,1986000,974.42,1935198120
8/2/2012,1010,1010,980,1010,1454000,984.16,1430968640
8/3/2012,1010,1010,990,1010,4551500,984.16,4479404240
8/6/2012,1030,1040,1010,1030,13568500,1003.65,13618025025
8/7/2012,1080,1090,1020,1080,27527500,1052.37,28969115175
8/8/2012,1060,1090,1050,1060,6242500,1032.88,6447753400
8/9/2012,1090,1110,1050,1090,16922500,1062.12,17973725700
8/10/2012,1130,1130,1080,1130,6641500,1101.09,7312889235
8/13/2012,1090,1130,1080,1090,2428500,1062.12,2579358420
8/14/2012,1100,1100,1060,1100,2297500,1071.86,2462598350
8/15/2012,1060,1100,1050,1060,7417500,1032.88,7661387400
8/16/2012,1070,1080,1050,1070,9664500,1042.63,10076497635
8/17/2012,1070,1070,1070,1070,0,1042.63,0
8/20/2012,1070,1070,1070,1070,0,1042.63,0
8/21/2012,1070,1070,1070,1070,0,1042.63,0
8/22/2012,1070,1070,1070,1070,0,1042.63,0
8/23/2012,1070,1080,1060,1070,2458000,1042.63,2562784540
8/24/2012,1100,1100,1060,1100,5529500,1071.86,5926849870
8/27/2012,1090,1100,1080,1090,283000,1062.12,300579960
8/28/2012,1070,1100,1060,1070,2358500,1042.63,2459042855
8/29/2012,1060,1080,1030,1060,11775500,1032.88,12162678440
8/30/2012,1040,1050,1030,1040,3637500,1013.4,3686242500
8/31/2012,1050,1060,1030,1050,5795000,1023.14,5929096300
9/3/2012,1080,1090,1050,1080,9545500,1052.37,10045397835
9/4/2012,1100,1120,1080,1100,23436000,1071.86,25120110960
9/5/2012,1090,1110,1090,1090,10311000,1062.12,10951519320
9/6/2012,1110,1110,1080,1110,7210000,1081.6,7798336000
9/7/2012,1150,1160,1110,1150,15854000,1120.58,17765675320
9/10/2012,1160,1160,1140,1160,4994500,1130.33,5645433185
9/11/2012,1150,1160,1130,1150,1656500,1120.58,1856240770
9/12/2012,1140,1140,1130,1140,4051500,1110.84,4500568260
9/13/2012,1130,1140,1120,1130,2017000,1101.09,2220898530
9/14/2012,1140,1150,1130,1140,3623000,1110.84,4024573320
9/17/2012,1130,1160,1130,1130,2588500,1101.09,2850171465
9/18/2012,1120,1130,1110,1120,3936500,1091.35,4296099275
9/19/2012,1140,1140,1110,1140,1114500,1110.84,1238031180
9/20/2012,1160,1160,1130,1160,4234500,1130.33,4786382385
9/21/2012,1190,1230,1150,1190,14651000,1159.56,16988713560
9/24/2012,1250,1260,1180,1250,15705500,1218.02,19129613110
9/25/2012,1230,1270,1220,1230,10406000,1198.53,12471903180
9/26/2012,1210,1240,1200,1210,4789000,1179.05,5646470450
9/27/2012,1190,1230,1180,1190,5272000,1159.56,6113200320
9/28/2012,1210,1220,1180,1210,3888500,1179.05,4584735925
10/1/2012,1260,1260,1210,1260,7859500,1227.77,9649658315
10/2/2012,1290,1290,1260,1290,10444000,1257,13128108000
10/3/2012,1430,1550,1290,1430,41632500,1393.42,58011558150
10/4/2012,1430,1500,1410,1430,13545000,1393.42,18873873900
10/5/2012,1430,1460,1360,1430,16695500,1393.42,23263843610
10/8/2012,1390,1430,1330,1390,37795500,1354.44,51191737020
10/9/2012,1390,1410,1370,1390,21458000,1354.44,29063573520
10/10/2012,1380,1390,1350,1380,11555500,1344.7,15538680850
10/11/2012,1360,1390,1360,1360,9112000,1325.21,12075313520
10/12/2012,1330,1380,1330,1330,15343000,1295.98,19884221140
10/15/2012,1360,1390,1330,1360,22774000,1325.21,30180332540
10/16/2012,1350,1390,1340,1350,10660000,1315.47,14022910200
10/17/2012,1350,1370,1350,1350,5678500,1315.47,7469896395
10/18/2012,1390,1440,1360,1390,38095500,1354.44,51598069020
10/19/2012,1380,1420,1340,1380,43206500,1344.7,58099780550
10/22/2012,1400,1400,1350,1400,22238000,1364.19,30336857220
10/23/2012,1390,1410,1370,1390,14037500,1354.44,19012951500
10/24/2012,1370,1390,1360,1370,12879500,1334.95,17193488525
10/25/2012,1370,1390,1360,1370,21090500,1334.95,28154762975
10/26/2012,1370,1370,1370,1370,0,1334.95,0
10/29/2012,1350,1370,1340,1350,17032000,1315.47,22405085040
10/30/2012,1380,1380,1340,1380,22325000,1344.7,30020427500
10/31/2012,1370,1390,1360,1370,14254500,1334.95,19029044775
11/1/2012,1360,1370,1350,1360,16011500,1325.21,21218599915
11/2/2012,1350,1370,1350,1350,5128500,1315.47,6746387895
11/5/2012,1310,1350,1300,1310,20814500,1276.49,26569501105
11/6/2012,1330,1330,1310,1330,10089500,1295.98,13075790210
11/7/2012,1370,1380,1330,1370,29453500,1334.95,39318949825
11/8/2012,1380,1390,1350,1380,29909000,1344.7,40218632300
11/9/2012,1430,1440,1380,1430,40162500,1393.42,55963230750
11/12/2012,1450,1470,1420,1450,28706500,1412.91,40559700915
11/13/2012,1440,1450,1420,1440,12005000,1403.16,16844935800
11/14/2012,1430,1440,1430,1430,4468000,1393.42,6225800560
11/15/2012,1430,1430,1430,1430,0,1393.42,0
11/19/2012,1420,1440,1390,1420,14911500,1383.67,20632595205
11/20/2012,1410,1440,1400,1410,11938000,1373.93,16401976340
11/21/2012,1470,1470,1400,1470,18719500,1432.4,26813811800
11/22/2012,1510,1530,1470,1510,36811000,1471.37,54162601070
11/23/2012,1500,1520,1490,1500,9809000,1461.63,14337128670
11/26/2012,1530,1550,1480,1530,19505500,1490.86,29079969730
11/27/2012,1540,1580,1530,1540,19411000,1500.6,29128146600
11/28/2012,1590,1590,1520,1590,15736000,1549.33,24380256880
11/29/2012,1610,1630,1550,1610,18232500,1568.81,28603328325
11/30/2012,1630,1630,1550,1630,19837500,1588.3,31507901250
12/3/2012,1580,1650,1570,1580,15151500,1539.58,23326946370
12/4/2012,1550,1590,1520,1550,30011500,1510.35,45327869025
12/5/2012,1600,1610,1540,1600,24360500,1559.07,37979724735
12/6/2012,1600,1620,1570,1600,16562000,1559.07,25821317340
12/7/2012,1560,1610,1560,1560,8427000,1520.09,12809798430
12/10/2012,1550,1580,1540,1550,9380000,1510.35,14167083000
12/11/2012,1570,1570,1550,1570,15519500,1529.84,23742351880
12/12/2012,1530,1600,1530,1530,15632000,1490.86,23305123520
12/13/2012,1450,1530,1430,1450,48058000,1412.91,67901628780
12/14/2012,1480,1490,1440,1480,24574000,1442.14,35439148360
12/17/2012,1490,1520,1480,1490,11867500,1451.88,17230185900
12/18/2012,1470,1520,1470,1470,8558500,1432.4,12259195400
12/19/2012,1400,1480,1390,1400,23191500,1364.19,31637612385
12/20/2012,1390,1420,1360,1390,18801500,1354.44,25465503660
12/21/2012,1420,1440,1380,1420,30256500,1383.67,41865011355
12/24/2012,1420,1420,1420,1420,0,1383.67,0
12/25/2012,1420,1420,1420,1420,0,1383.67,0
12/26/2012,1480,1490,1410,1480,27053500,1442.14,39014934490
12/27/2012,1490,1510,1470,1490,32271500,1451.88,46854345420
12/28/2012,1480,1490,1480,1480,17080500,1442.14,24632472270
12/31/2012,1490,1490,1490,1490,0,1451.88,0
1/1/2013,1490,1490,1490,1490,0,1451.88,0
1/2/2013,1530,1550,1470,1530,28809000,1490.86,42950185740
1/3/2013,1530,1560,1530,1530,16848500,1490.86,25118754710
1/4/2013,1530,1540,1510,1530,28271000,1490.86,42148103060
1/7/2013,1520,1540,1510,1520,12175500,1481.12,18033376560
1/8/2013,1530,1550,1510,1530,16280000,1490.86,24271200800
1/9/2013,1590,1600,1530,1590,45808500,1549.33,70972483305
1/10/2013,1650,1700,1590,1650,58159000,1607.79,93507458610
1/11/2013,1640,1690,1620,1640,20890000,1598.05,33383264500
1/14/2013,1640,1660,1620,1640,7100500,1598.05,11346954025
1/15/2013,1660,1680,1600,1660,17445500,1617.53,28218619615
1/16/2013,1710,1730,1650,1710,40224000,1666.26,67023642240
1/17/2013,1690,1730,1660,1690,12056000,1646.77,19853459120
1/18/2013,1650,1700,1650,1650,10039500,1607.79,16141407705
1/21/2013,1640,1680,1630,1640,11572000,1598.05,18492634600
1/22/2013,1640,1640,1640,1640,0,1598.05,0
1/23/2013,1670,1720,1650,1670,18718000,1627.28,30459427040
1/24/2013,1670,1670,1670,1670,0,1627.28,0
1/25/2013,1680,1700,1660,1680,13756500,1637.02,22519665630
1/28/2013,1660,1690,1640,1660,17102000,1617.53,27662998060
1/29/2013,1660,1670,1650,1660,7853000,1617.53,12702463090
1/30/2013,1650,1670,1640,1650,9738000,1607.79,15656659020
1/31/2013,1650,1660,1630,1650,11906500,1607.79,19143151635
2/1/2013,1640,1680,1630,1640,15750500,1598.05,25170086525
2/4/2013,1640,1710,1640,1640,43533500,1598.05,69568709675
2/5/2013,1610,1640,1590,1610,37595500,1568.81,58980196355
2/6/2013,1610,1630,1600,1610,18603000,1568.81,29184572430
2/7/2013,1640,1660,1600,1640,35274500,1598.05,56370414725
2/8/2013,1630,1660,1630,1630,16894500,1588.3,26833534350
2/11/2013,1630,1640,1620,1630,4043500,1588.3,6422291050
2/12/2013,1630,1640,1620,1630,3811500,1588.3,6053805450
2/13/2013,1650,1660,1630,1650,11844500,1607.79,19043468655
2/14/2013,1650,1680,1650,1650,20597500,1607.79,33116454525
2/15/2013,1650,1670,1650,1650,12698500,1607.79,20416521315
2/18/2013,1660,1680,1640,1660,22462500,1617.53,36333767625
2/19/2013,1640,1680,1640,1640,6456500,1598.05,10317809825
2/20/2013,1680,1690,1630,1680,41326500,1637.02,67652307030
2/21/2013,1660,1700,1650,1660,37102000,1617.53,60013598060
2/22/2013,1660,1680,1650,1660,15967000,1617.53,25827101510
2/25/2013,1650,1680,1650,1650,16777000,1607.79,26973892830
2/26/2013,1660,1680,1640,1660,19387000,1617.53,31359054110
2/27/2013,1690,1700,1670,1690,26032500,1646.77,42869540025
2/28/2013,1770,1780,1690,1770,90418500,1724.72,1.55947E+11
3/1/2013,1760,1790,1750,1760,35995500,1714.98,61731562590
3/4/2013,1730,1770,1720,1730,26374000,1685.74,44459706760
3/5/2013,1770,1780,1720,1770,28691000,1724.72,49483941520
3/6/2013,1840,1850,1770,1840,56516000,1792.93,1.01329E+11
3/7/2013,1820,1860,1810,1820,19766500,1773.44,35054701760
3/8/2013,1820,1870,1810,1820,34360000,1773.44,60935398400
3/11/2013,1790,1840,1780,1790,11620500,1744.21,20268592305
3/12/2013,1820,1820,1820,1820,0,1773.44,0
3/13/2013,1760,1810,1760,1760,23872000,1714.98,40940002560
3/14/2013,1710,1770,1680,1710,52208000,1666.26,86992102080
3/15/2013,1770,1770,1710,1770,31517500,1724.72,54358862600
3/18/2013,1760,1770,1740,1760,18423500,1714.98,31595934030
3/19/2013,1820,1850,1760,1820,41370000,1773.44,73367212800
3/20/2013,2000,2025,1820,2000,93557500,1948.84,1.82329E+11
3/21/2013,1950,2025,1950,1950,37527500,1900.12,71306753300
3/22/2013,1860,1970,1850,1860,48881500,1812.42,88593808230
3/25/2013,1960,1970,1860,1960,45552000,1909.86,86997942720
3/26/2013,1980,2025,1940,1980,27580000,1929.35,53211473000
3/27/2013,2025,2075,1990,2025,40122000,1973.2,79168730400
3/28/2013,2025,2050,1970,2025,33847000,1973.2,66786900400
3/29/2013,2025,2025,2025,2025,0,1973.2,0
4/1/2013,2050,2050,1990,2050,18026000,1997.56,36008016560
4/2/2013,2075,2100,2000,2075,21640000,2021.92,43754348800
4/3/2013,2075,2100,2000,2075,21640000,2021.92,43754348800
4/4/2013,2025,2125,2025,2025,26836000,1973.2,52952795200
4/5/2013,2125,2125,2025,2125,20198500,2070.64,41823822040
4/8/2013,2050,2125,2025,2050,12005000,1997.56,23980707800
4/9/2013,2000,2075,1990,2000,22482000,1948.84,43813820880
4/10/2013,1970,2050,1950,1970,13755500,1919.6,26405057800
4/11/2013,2125,2150,1970,2125,33211000,2070.64,68768025040
4/12/2013,2200,2250,2125,2200,27202000,2143.72,58313471440
4/15/2013,2150,2200,2100,2150,8342500,2095,17477537500
4/16/2013,2225,2250,2100,2225,24641000,2168.08,53423659280
4/17/2013,2225,2275,2225,2225,15021000,2168.08,32566729680
4/18/2013,2300,2325,2200,2300,20564500,2241.16,46088334820
4/19/2013,2250,2375,2250,2250,19779500,2192.44,43365366980
4/22/2013,2250,2250,2250,2250,0,2192.44,0
4/23/2013,2250,2250,2250,2250,0,2192.44,0
4/24/2013,2250,2300,2225,2250,8962000,2192.44,19648647280
4/25/2013,2200,2275,2175,2200,12986000,2143.72,27838347920
4/26/2013,2325,2325,2200,2325,22992500,2265.52,52089968600
4/29/2013,2425,2450,2325,2425,36771000,2362.96,86888402160
4/30/2013,2400,2475,2375,2400,20952000,2338.6,48998347200
5/1/2013,2475,2500,2400,2475,14578000,2411.69,35157616820
5/2/2013,2425,2475,2400,2425,9350000,2362.96,22093676000
5/3/2013,2400,2525,2375,2400,34310000,2338.6,80237366000
5/6/2013,2450,2500,2400,2450,20470000,2387.33,48868645100
5/7/2013,2625,2650,2425,2625,33877000,2557.85,86652284450
5/8/2013,2575,2650,2575,2575,17283000,2509.13,43365293790
5/9/2013,2575,2575,2575,2575,0,2509.13,0
5/10/2013,2600,2650,2550,2600,6298500,2533.49,15957186765
5/13/2013,2600,2650,2550,2600,13200500,2533.49,33443334745
5/14/2013,2575,2625,2525,2575,12755000,2509.13,32003953150
5/15/2013,2600,2625,2575,2600,16198500,2533.49,41038737765
5/16/2013,2575,2650,2550,2575,16353500,2509.13,41033057455
5/17/2013,2550,2575,2550,2550,4561500,2484.77,11334278355
5/20/2013,2575,2625,2550,2575,11826500,2509.13,29674225945
5/21/2013,2500,2625,2500,2500,15786500,2436.05,38456703325
5/22/2013,2625,2625,2500,2625,13228000,2557.85,33835239800
5/23/2013,2525,2625,2475,2525,26495000,2460.41,65188562950
5/24/2013,2575,2625,2525,2575,20288000,2509.13,50905229440
5/27/2013,2625,2625,2550,2625,11619000,2557.85,29719659150
5/28/2013,2725,2750,2600,2725,38301000,2655.29,1.017E+11
5/29/2013,2775,2825,2675,2775,27930000,2704.01,75522999300
5/30/2013,2875,2875,2700,2875,29359000,2824.17,82914807030
5/31/2013,2825,2900,2775,2825,16467500,2775.05,45698135875
6/3/2013,2600,2875,2575,2600,27942500,2554.03,71365983275
6/4/2013,2575,2675,2350,2575,49441500,2529.47,1.25061E+11
6/5/2013,2450,2600,2450,2450,40426500,2406.68,97293649020
6/6/2013,2450,2450,2450,2450,0,2406.68,0
6/7/2013,2375,2450,2325,2375,17731000,2333.01,41366600310
6/10/2013,2350,2525,2275,2350,21233000,2308.45,49015318850
6/11/2013,2125,2375,2100,2125,51425000,2087.43,1.07346E+11
6/12/2013,2300,2325,2050,2300,62314500,2259.34,1.4079E+11
6/13/2013,2275,2325,2150,2275,50030000,2234.78,1.11806E+11
6/14/2013,2400,2425,2300,2400,27084000,2357.57,63852425880
6/17/2013,2325,2500,2300,2325,45336500,2283.89,1.03544E+11
6/18/2013,2400,2450,2350,2400,34221500,2357.57,80679581755
6/19/2013,2325,2450,2325,2325,16567500,2283.89,37838347575
6/20/2013,2175,2300,2150,2175,29127500,2136.55,62232360125
6/21/2013,2225,2250,2050,2225,41985000,2185.66,91764935100
6/24/2013,2000,2250,2000,2000,44626000,1964.64,87674024640
6/25/2013,2075,2100,1930,2075,57316500,2038.31,1.16829E+11
6/26/2013,2075,2125,2000,2075,38725500,2038.31,78934573905
6/27/2013,2125,2200,2100,2125,35325500,2087.43,73739508465
6/28/2013,2050,2200,2050,2050,26229000,2013.76,52818911040
7/1/2013,2150,2175,2050,2150,18386500,2111.99,38832104135
7/2/2013,2150,2200,2100,2175,22070500,2136.55,47154726775
7/3/2013,2175,2175,2000,2000,35241000,1964.64,69235878240
7/4/2013,2025,2075,1880,1910,37815500,1876.23,70950575565
7/5/2013,1920,1950,1840,1920,47822500,1886.05,90195626125
7/8/2013,1890,1920,1730,1760,34672000,1728.88,59943727360
7/9/2013,1780,1790,1590,1690,102156500,1660.12,1.69592E+11
7/10/2013,1690,1970,1640,1940,129523500,1905.7,2.46833E+11
7/11/2013,1960,2100,1950,2025,85714000,1989.2,1.70502E+11
7/12/2013,2050,2075,1910,1910,36114500,1876.23,67759108335
7/15/2013,1920,2000,1910,1980,22827500,1944.99,44399259225
7/16/2013,2000,2225,1990,2150,87848500,2111.99,1.85535E+11
7/17/2013,2150,2200,2100,2175,39920000,2136.55,85291076000
7/18/2013,2175,2325,2175,2250,52571500,2210.22,1.16195E+11
7/19/2013,2250,2300,2150,2150,21789000,2111.99,46018150110
7/22/2013,2175,2225,2125,2175,26372500,2136.55,56346164875
7/23/2013,2225,2250,2175,2200,15868500,2161.1,34293415350
7/24/2013,2225,2250,2100,2125,24910000,2087.43,51997881300
7/25/2013,2125,2175,2050,2175,22094500,2136.55,47206003975
7/26/2013,2175,2175,2100,2125,5405000,2087.43,11282559150
7/29/2013,2125,2125,2050,2125,13602000,2087.43,28393222860
7/30/2013,2125,2175,2050,2075,12917500,2038.31,26329869425
7/31/2013,2075,2125,2025,2075,16972000,2038.31,34594197320
8/1/2013,2100,2150,2075,2100,13635500,2062.87,28128263885
8/2/2013,2150,2150,2075,2100,10839000,2062.87,22359447930
8/5/2013,2100,2100,2100,2100,0,2062.87,0
8/6/2013,2100,2100,2100,2100,0,2062.87,0
8/7/2013,2100,2100,2100,2100,0,2062.87,0
8/8/2013,2100,2100,2100,2100,0,2062.87,0
8/9/2013,2100,2100,2100,2100,0,2062.87,0
8/12/2013,2075,2125,2050,2075,5837000,2038.31,11897615470
8/13/2013,2050,2200,2050,2200,25651500,2161.1,55435456650
8/14/2013,2200,2250,2150,2200,16224500,2161.1,35062766950
8/15/2013,2175,2200,2150,2200,11852000,2161.1,25613357200
8/16/2013,2150,2150,2075,2125,9575500,2087.43,19988185965
8/19/2013,2100,2100,1920,1920,44920500,1886.05,84722309025
8/20/2013,1880,1910,1790,1870,38936500,1836.94,71524014310
8/21/2013,1860,1960,1840,1930,35042500,1895.88,66436374900
8/22/2013,1910,1930,1700,1700,74456000,1669.94,1.24337E+11
8/23/2013,1740,1850,1680,1680,86743500,1650.3,1.43153E+11
8/26/2013,1730,1750,1600,1610,44647500,1581.54,70611807150
8/27/2013,1600,1600,1450,1460,26548000,1434.19,38074876120
8/28/2013,1400,1670,1350,1670,61125500,1640.47,1.00275E+11
8/29/2013,1680,1740,1650,1700,48057000,1669.94,80252306580
8/30/2013,1700,1780,1690,1740,44188500,1709.24,75528751740
9/2/2013,1750,1840,1710,1730,37506500,1699.41,63738921165
9/3/2013,1750,1780,1730,1740,19477000,1709.24,33290867480
9/4/2013,1740,1790,1720,1750,19921000,1719.06,34245394260
9/5/2013,1780,1790,1680,1690,22267500,1660.12,36966722100
9/6/2013,1710,1710,1620,1640,13072500,1611,21059797500
9/9/2013,1680,1710,1650,1690,35069500,1660.12,58219578340
9/10/2013,1710,1770,1700,1770,76214000,1738.71,1.32514E+11
9/11/2013,1800,1840,1720,1720,56018000,1689.59,94647452620
9/12/2013,1740,1870,1740,1870,82457500,1836.94,1.51469E+11
9/13/2013,1870,1940,1840,1880,94471000,1846.76,1.74465E+11
9/16/2013,1910,2025,1910,1940,72464000,1905.7,1.38095E+11
9/17/2013,1970,1980,1870,1880,38198000,1846.76,70542538480
9/18/2013,1880,1910,1810,1820,30688500,1787.82,54865514070
9/19/2013,1950,2125,1950,2100,112145000,2062.87,2.31341E+11
9/20/2013,2050,2125,2000,2025,38611500,1989.2,76805995800
9/23/2013,1980,2025,1960,1990,17671500,1954.82,34544601630
9/24/2013,1980,2050,1940,1940,37672500,1905.7,71792483250
9/25/2013,1940,1970,1900,1920,16401500,1886.05,30934049075
9/26/2013,1900,2025,1900,1980,34690500,1944.99,67472675595
9/27/2013,2000,2025,1960,1970,20203000,1935.17,39096239510
9/30/2013,1940,1970,1920,1920,23299000,1886.05,43943078950
10/1/2013,1920,1990,1920,1950,16540500,1915.52,31683658560
10/2/2013,1990,2025,1960,1960,21204000,1925.35,40825121400
10/3/2013,1990,2000,1950,1960,8366500,1925.35,16108440775
10/4/2013,1950,1960,1920,1940,36622000,1905.7,69790545400
10/7/2013,1940,1960,1820,1830,39131000,1797.65,70343842150
10/8/2013,1830,1890,1830,1860,20380000,1827.12,37236705600
10/9/2013,1850,1880,1830,1840,17275500,1807.47,31224947985
10/10/2013,1850,1870,1840,1870,13558000,1836.94,24905232520
10/11/2013,1890,1910,1870,1890,27938000,1856.58,51869132040
10/14/2013,1890,1890,1890,1890,0,1856.58,0
10/15/2013,1890,1890,1890,1890,0,1856.58,0
10/16/2013,1910,1910,1870,1880,9115000,1846.76,16833217400
10/17/2013,1900,1910,1880,1890,7464500,1856.58,13858441410
10/18/2013,1900,1970,1880,1960,30154500,1925.35,58057966575
10/21/2013,1980,1990,1960,1970,30431000,1935.17,58889158270
10/22/2013,1970,1980,1940,1940,13438000,1905.7,25608796600
10/23/2013,1950,1990,1950,1970,16531000,1935.17,31990295270
10/24/2013,1970,2050,1960,2050,50115500,2013.76,1.00921E+11
10/25/2013,2075,2075,2025,2050,20539500,2013.76,41361623520
10/28/2013,2075,2125,2025,2050,27483500,2013.76,55345172960
10/29/2013,2050,2075,1990,2025,15394500,1989.2,30622739400
10/30/2013,2025,2050,1990,2025,29492000,1989.2,58665486400
10/31/2013,2000,2000,1910,1920,32473500,1886.05,61246644675
11/1/2013,1900,1950,1860,1870,28754000,1836.94,52819372760
11/4/2013,1870,1890,1850,1870,21602500,1836.94,39682496350
11/5/2013,1870,1870,1870,1870,0,1836.94,0
11/6/2013,1860,1900,1840,1850,18447000,1817.29,33523548630
11/7/2013,1850,1900,1850,1870,18032000,1836.94,33123702080
11/8/2013,1870,1870,1840,1850,7343500,1817.29,13345269115
11/11/2013,1860,1870,1780,1800,18000000,1768.18,31827240000
11/12/2013,1800,1820,1710,1720,21309000,1689.59,36003473310
11/13/2013,1700,1700,1610,1650,28567000,1620.83,46302250610
11/14/2013,1680,1730,1670,1710,42278000,1679.77,71017316060
11/15/2013,1740,1750,1650,1670,27125500,1640.47,44498568985
11/18/2013,1690,1710,1660,1670,18360000,1640.47,30119029200
11/19/2013,1690,1700,1650,1680,18060000,1650.3,29804418000
11/20/2013,1700,1730,1680,1700,23426500,1669.94,39120849410
11/21/2013,1680,1700,1650,1670,12145000,1640.47,19923508150
11/22/2013,1700,1720,1680,1690,21226500,1660.12,35238537180
11/25/2013,1710,1730,1700,1720,14613000,1689.59,24689978670
11/26/2013,1720,1730,1610,1620,15230500,1591.36,24237208480
11/27/2013,1640,1650,1610,1630,13431500,1601.18,21506249170
11/28/2013,1650,1660,1600,1610,8715000,1581.54,13783121100
11/29/2013,1610,1650,1610,1650,10101500,1620.83,16372814245
12/2/2013,1650,1810,1650,1790,49421500,1758.35,86900294525
12/3/2013,1800,1810,1760,1780,36154500,1748.53,63217227885
12/4/2013,1760,1770,1730,1740,14250500,1709.24,24357524620
12/5/2013,1740,1740,1680,1730,16000500,1699.41,27191409705
12/6/2013,1720,1750,1680,1690,16447000,1660.12,27303993640
12/9/2013,1720,1730,1680,1680,11772000,1650.3,19427331600
12/10/2013,1700,1710,1640,1640,30595000,1611,49288545000
12/11/2013,1640,1680,1640,1660,27022000,1630.65,44063424300
12/12/2013,1660,1700,1650,1660,25439500,1630.65,41482920675
12/13/2013,1650,1680,1630,1640,5699500,1611,9181894500
12/16/2013,1640,1640,1590,1620,9417000,1591.36,14985837120
12/17/2013,1640,1650,1620,1620,7869000,1591.36,12522411840
12/18/2013,1640,1650,1620,1650,8036000,1620.83,13024989880
12/19/2013,1670,1690,1620,1620,18147500,1591.36,28879205600
12/20/2013,1600,1640,1590,1600,11385000,1571.71,17893918350
12/23/2013,1590,1610,1550,1550,5365500,1522.6,8169510300
12/24/2013,1560,1580,1540,1570,5831500,1542.24,8993572560
12/25/2013,1570,1570,1570,1570,0,1542.24,0
12/26/2013,1570,1570,1570,1570,0,1542.24,0
12/27/2013,1580,1600,1570,1580,3276500,1552.07,5085357355
12/30/2013,1600,1600,1570,1580,5689000,1552.07,8829726230
12/31/2013,1580,1580,1580,1580,0,1552.07,0
1/1/2014,1580,1580,1580,1580,0,1552.07,0
1/2/2014,1600,1660,1600,1660,14134500,1630.65,23048422425
1/3/2014,1640,1660,1620,1660,9987000,1630.65,16285301550
1/6/2014,1660,1660,1610,1625,5705000,1596.27,9106720350
1/7/2014,1625,1625,1580,1580,4407500,1552.07,6840748525
1/8/2014,1600,1645,1585,1645,7744400,1615.92,12514330848
1/9/2014,1640,1670,1625,1655,11533000,1625.74,18749659420
1/10/2014,1665,1780,1660,1780,32518300,1748.53,56859223099
1/13/2014,1790,1940,1790,1940,52153900,1905.7,99389687230
1/14/2014,1940,1940,1940,1940,0,1905.7,0
1/15/2014,1950,1970,1895,1940,30516100,1905.7,58154531770
1/16/2014,1940,1960,1905,1930,23770000,1895.88,45065067600
1/17/2014,1900,1985,1870,1955,28920300,1920.44,55539700932
1/20/2014,1930,1975,1925,1935,18845700,1900.79,35821718103
1/21/2014,1950,1955,1905,1905,21234800,1871.32,39737105936
1/22/2014,1905,1920,1805,1845,55710600,1812.38,1.00969E+11
1/23/2014,1835,1940,1835,1915,42250600,1881.14,79479293684
1/24/2014,1920,1940,1880,1920,19504700,1886.05,36786839435
1/27/2014,1850,1875,1830,1835,18830400,1802.56,33942925824
1/28/2014,1845,1875,1840,1860,10023000,1827.12,18313223760
1/29/2014,1870,1940,1870,1930,33658500,1895.88,63812476980
1/30/2014,1890,1970,1875,1950,31180900,1915.52,59727637568
1/31/2014,1950,1950,1950,1950,0,1915.52,0
2/3/2014,1950,1990,1950,1975,15652600,1940.08,30367296208
2/4/2014,1955,1965,1900,1955,17911900,1920.44,34398729236
2/5/2014,1970,2020,1965,2020,33415300,1984.29,66305645637
2/6/2014,2045,2055,2025,2035,28742200,1999.02,57456232644
2/7/2014,2060,2060,2005,2030,22124700,1994.11,44119085517
2/10/2014,2030,2045,1975,1990,19092600,1954.82,37322596332
2/11/2014,1980,2000,1970,1985,26413900,1949.91,51504727749
2/12/2014,2005,2015,1980,1985,18269500,1949.91,35623880745
2/13/2014,1975,2010,1970,1985,19040500,1949.91,37127261355
2/14/2014,2000,2045,2000,2025,23899000,1989.2,47539890800
2/17/2014,2040,2095,2040,2090,39100900,2053.05,80276102745
2/18/2014,2095,2115,2050,2070,35485100,2033.4,72155402340
2/19/2014,2070,2070,1980,1995,69943300,1959.73,1.3707E+11
2/20/2014,1990,1990,1925,1940,69455100,1905.7,1.32361E+11
2/21/2014,1960,2010,1960,1995,58741500,1959.73,1.15117E+11
2/24/2014,1995,2025,1985,2005,36767100,1969.55,72414641805
2/25/2014,2020,2090,2005,2075,97851800,2038.31,1.99452E+11
2/26/2014,2075,2100,2060,2080,48997500,2043.23,1.00113E+11
2/27/2014,2080,2150,2080,2145,62438000,2107.08,1.31562E+11
2/28/2014,2150,2185,2130,2145,73442500,2107.08,1.54749E+11
3/3/2014,2135,2165,2120,2155,30551300,2116.9,64674046970
3/4/2014,2165,2240,2165,2235,59397500,2195.49,1.30407E+11
3/5/2014,2255,2300,2255,2280,48474500,2239.69,1.08568E+11
3/6/2014,2280,2300,2240,2280,54886800,2239.69,1.22929E+11
3/7/2014,2295,2300,2225,2235,45728600,2195.49,1.00397E+11
3/10/2014,2235,2275,2215,2255,29308000,2215.13,64921030040
3/11/2014,2265,2315,2265,2280,43891900,2239.69,98304249511
3/12/2014,2250,2295,2235,2235,24872400,2195.49,54607105476
3/13/2014,2250,2290,2250,2280,26652900,2239.69,59694233601
3/14/2014,2250,2500,2240,2490,79684000,2445.98,1.94905E+11
3/17/2014,2500,2500,2415,2465,76543500,2421.42,1.85344E+11
3/18/2014,2475,2505,2380,2410,64089400,2367.39,1.51725E+11
3/19/2014,2420,2440,2400,2410,23097900,2367.39,54681737481
3/20/2014,2380,2380,2320,2335,54671500,2293.72,1.25401E+11
3/21/2014,2365,2375,2265,2360,32882200,2318.28,76230146616
3/24/2014,2365,2390,2335,2385,12802400,2342.83,29993846792
3/25/2014,2385,2405,2350,2360,23690300,2318.28,54920748684
3/26/2014,2380,2415,2370,2405,17422900,2362.48,41161252792
3/27/2014,2405,2425,2395,2395,14877300,2352.66,35001228618
3/28/2014,2395,2405,2350,2390,12856000,2347.74,30182545440
3/31/2014,2390,2390,2390,2390,0,2347.74,0
4/1/2014,2405,2445,2380,2435,40273900,2391.95,96333155105
4/2/2014,2450,2515,2450,2495,61868100,2450.89,1.51632E+11
4/3/2014,2510,2520,2480,2500,30922400,2455.8,75939229920
4/4/2014,2505,2515,2490,2495,14489200,2450.89,35511435388
4/7/2014,2485,2535,2475,2515,34881100,2470.53,86174803983
4/8/2014,2510,2525,2410,2440,62430900,2396.86,1.49638E+11
4/9/2014,2440,2440,2440,2440,0,2396.86,0
4/10/2014,2390,2390,2095,2130,168186700,2092.34,3.51904E+11
4/11/2014,2070,2150,2050,2120,97409200,2082.52,2.02857E+11
4/14/2014,2120,2290,2120,2265,104980400,2224.95,2.33576E+11
4/15/2014,2290,2315,2255,2265,53703900,2224.95,1.19488E+11
4/16/2014,2280,2290,2230,2240,37140300,2200.4,81723516120
4/17/2014,2250,2270,2215,2230,28642300,2190.57,62742963111
4/18/2014,2230,2230,2230,2230,0,2190.57,0
4/21/2014,2235,2240,2185,2190,21819300,2151.28,46939423704
4/22/2014,2200,2200,2145,2185,31855300,2146.37,68373260261
4/23/2014,2185,2200,2145,2160,29235400,2121.81,62031964074
4/24/2014,2145,2240,2145,2220,86599600,2180.75,1.88852E+11
4/25/2014,2240,2355,2230,2330,146592900,2288.81,3.35523E+11
4/28/2014,2330,2335,2290,2290,58456600,2249.51,1.31499E+11
4/29/2014,2275,2305,2260,2295,40148400,2254.42,90511355928
4/30/2014,2305,2315,2265,2265,28939700,2252.31,65181175707
5/1/2014,2265,2265,2265,2265,0,2252.31,0
5/2/2014,2275,2280,2250,2265,15138200,2252.31,34095919242
5/5/2014,2265,2275,2245,2255,10754000,2242.37,24114446980
5/6/2014,2260,2270,2235,2235,14312100,2222.48,31808356008
5/7/2014,2235,2295,2230,2285,46261400,2272.2,1.05115E+11
5/8/2014,2295,2355,2295,2340,77723300,2326.89,1.80854E+11
5/9/2014,2350,2375,2325,2350,69919100,2336.83,1.63389E+11
5/12/2014,2360,2385,2335,2340,40709400,2326.89,94726295766
5/13/2014,2355,2365,2335,2345,19247500,2331.86,44882475350
5/14/2014,2345,2440,2345,2400,62786800,2386.55,1.49844E+11
5/15/2014,2400,2400,2400,2400,0,2386.55,0
5/16/2014,2400,2445,2395,2410,37542300,2396.5,89970121950
5/19/2014,2340,2475,2285,2340,107152900,2326.89,2.49333E+11
5/20/2014,2340,2370,2285,2340,52250500,2326.89,1.21581E+11
5/21/2014,2360,2365,2295,2360,29351100,2346.78,68880574458
5/22/2014,2390,2400,2365,2390,25490100,2376.61,60580026561
5/23/2014,2375,2410,2355,2375,20518600,2361.69,48458572434
5/26/2014,2360,2390,2355,2360,14434200,2346.78,33873891876
5/27/2014,2360,2360,2360,2360,0,2346.78,0
5/28/2014,2350,2365,2345,2350,6683000,2336.83,15617034890
5/29/2014,2350,2350,2350,2350,0,2336.83,0
5/30/2014,2345,2370,2340,2345,18341700,2331.86,42770276562
6/2/2014,2305,2345,2250,2305,17002100,2292.09,38970343389
6/3/2014,2310,2325,2275,2310,17929700,2297.06,41185596682
6/4/2014,2330,2345,2305,2330,20499000,2316.95,47495158050
6/5/2014,2340,2340,2310,2315,10385300,2302.03,23907272159
6/6/2014,2275,2330,2275,2275,5818900,2262.25,13163806525
6/9/2014,2205,2290,2200,2205,18768900,2192.65,41153628585
6/10/2014,2220,2235,2195,2220,7768800,2207.56,17150092128
6/11/2014,2300,2305,2230,2300,28768600,2287.11,65796952746
6/12/2014,2300,2310,2275,2300,17254800,2287.11,39463625628
6/13/2014,2270,2290,2250,2270,20560500,2257.28,46410805440
6/16/2014,2275,2285,2250,2275,11537900,2262.25,26101614275
6/17/2014,2260,2280,2255,2260,6541000,2247.34,14699850940
6/18/2014,2225,2260,2215,2225,8004700,2212.54,17710718938
6/19/2014,2180,2245,2180,2180,11410400,2167.79,24735351016
6/20/2014,2180,2210,2175,2180,8007600,2167.79,17358795204
6/23/2014,2160,2180,2155,2160,9912300,2147.9,21290629170
6/24/2014,2220,2230,2145,2220,25347800,2207.56,55956789368
6/25/2014,2160,2225,2155,2160,9027600,2147.9,19390382040
6/26/2014,2180,2185,2160,2180,8657700,2167.79,18768075483
6/27/2014,2175,2190,2160,2175,7328200,2162.82,15849577524
6/30/2014,2215,2220,2175,2215,15036900,2202.59,33120125571
7/1/2014,2215,2225,2205,2215,5531800,2202.59,12184287362
7/2/2014,2220,2230,2205,2220,5489500,2207.56,12118400620
7/3/2014,2270,2275,2205,2270,15818600,2257.28,35707009408
7/4/2014,2320,2325,2250,2320,17107400,2307,39466771800
7/7/2014,2430,2450,2330,2430,51862100,2416.39,1.25319E+11
7/8/2014,2435,2460,2410,2435,33357800,2421.36,80771242608
7/9/2014,2435,2435,2435,2435,0,2421.36,0
7/10/2014,2500,2525,2450,2500,135822500,2485.99,3.37653E+11
7/11/2014,2465,2515,2460,2465,36994700,2451.19,90681038693
7/14/2014,2510,2525,2420,2510,19729400,2495.94,49243398636
7/15/2014,2610,2620,2500,2610,29995500,2595.38,77849720790
7/16/2014,2615,2650,2590,2615,33661600,2600.35,87531941560
7/17/2014,2595,2640,2590,2595,14477700,2580.46,37359125742
7/18/2014,2650,2670,2550,2650,18138000,2635.15,47796350700
7/21/2014,2800,2860,2675,2800,52633900,2784.31,1.46549E+11
7/22/2014,2765,2855,2660,2765,47186800,2749.51,1.29741E+11
7/23/2014,2710,2825,2710,2710,24084700,2694.82,64903931254
7/24/2014,2670,2730,2660,2670,13286000,2655.04,35274861440
7/25/2014,2650,2695,2610,2650,12983500,2635.15,34213470025
7/28/2014,2650,2650,2650,2650,0,2635.15,0
7/29/2014,2650,2650,2650,2650,0,2635.15,0
7/30/2014,2650,2650,2650,2650,0,2635.15,0
7/31/2014,2650,2650,2650,2650,0,2635.15,0
8/1/2014,2650,2650,2650,2650,0,2635.15,0
8/4/2014,2615,2640,2595,2615,20502800,2600.35,53314455980
8/5/2014,2690,2710,2620,2690,22151300,2674.93,59253176909
8/6/2014,2645,2685,2635,2645,16989800,2630.18,44686232164
8/7/2014,2650,2675,2620,2650,12144200,2635.15,32001788630
8/8/2014,2610,2650,2610,2610,24542400,2595.38,63696854112
8/11/2014,2665,2685,2620,2665,20367900,2650.07,53976360753
8/12/2014,2765,2805,2675,2765,61082800,2749.51,1.67948E+11
8/13/2014,2790,2815,2765,2790,33588200,2774.37,93186094434
8/14/2014,2770,2815,2755,2770,12291600,2754.48,33856966368
8/15/2014,2790,2800,2755,2790,6238600,2774.37,17308184682
8/18/2014,2840,2855,2795,2840,29785100,2824.09,84115803059
8/19/2014,2885,2910,2860,2885,28263900,2868.84,81084606876
8/20/2014,2895,2900,2855,2895,15078000,2878.78,43406244840
8/21/2014,2940,2950,2870,2940,29624900,2923.53,86609283897
8/22/2014,2925,2990,2925,2925,19090300,2908.61,55526237483
8/25/2014,2915,2950,2880,2915,5916200,2898.67,17149111454
8/26/2014,2800,2915,2790,2800,28353800,2784.31,78945768878
8/27/2014,2830,2850,2805,2830,20527700,2814.15,57768026955
8/28/2014,2840,2875,2840,2840,5509200,2824.09,15558476628
8/29/2014,2870,2895,2830,2870,11989500,2853.92,34217073840
9/1/2014,2850,2895,2845,2850,7967500,2834.03,22580134025
9/2/2014,2850,2880,2850,2850,6024700,2834.03,17074180541
9/3/2014,2935,2940,2845,2935,20134200,2918.56,58762870752
9/4/2014,2885,2950,2880,2885,14778100,2868.84,42396004404
9/5/2014,2905,2925,2865,2905,13548600,2888.73,39138247278
9/8/2014,2880,2935,2875,2880,9891000,2863.87,28326538170
9/9/2014,2840,2895,2830,2840,22107100,2824.09,62432440039
9/10/2014,2845,2850,2805,2845,22381500,2829.06,63318606390
9/11/2014,2870,2880,2845,2870,10070200,2853.92,28739545184
9/12/2014,2870,2890,2865,2870,11832600,2853.92,33769293792
9/15/2014,2875,2885,2840,2875,4916700,2858.89,14056304463
9/16/2014,2835,2890,2835,2835,6509900,2819.12,18352189288
9/17/2014,2845,2865,2820,2845,24899000,2829.06,70440764940
9/18/2014,2840,2880,2830,2840,13283600,2824.09,37514081924
9/19/2014,2890,2920,2845,2890,22960300,2873.81,65983539743
9/22/2014,2870,2900,2860,2870,9203900,2853.92,26267194288
9/23/2014,2845,2870,2840,2845,7670500,2829.06,21700304730
9/24/2014,2840,2870,2835,2840,12266300,2824.09,34641135167
9/25/2014,2840,2865,2825,2840,10237400,2824.09,28911338966
9/26/2014,2665,2800,2645,2665,62757600,2650.07,1.66312E+11
9/29/2014,2605,2695,2580,2605,30932900,2590.41,80128893489
9/30/2014,2605,2655,2585,2605,17416700,2590.41,45116393847
10/1/2014,2715,2720,2605,2715,32944600,2699.79,88943501634
10/2/2014,2610,2660,2595,2610,34948700,2595.38,90705157006
10/3/2014,2490,2635,2485,2490,50565500,2476.05,1.25203E+11
10/6/2014,2490,2520,2420,2490,26546100,2476.05,65729470905
10/7/2014,2555,2560,2490,2555,33325500,2540.69,84669764595
10/8/2014,2500,2550,2475,2500,18271500,2485.99,45422766285
10/9/2014,2590,2615,2535,2590,24997600,2575.49,64381068824
10/10/2014,2560,2570,2495,2560,13433100,2545.66,34196105346
10/13/2014,2590,2595,2535,2590,8315300,2575.49,21415971997
10/14/2014,2675,2690,2565,2675,22493000,2660.01,59831604930
10/15/2014,2760,2785,2690,2760,27487600,2744.54,75440817704
10/16/2014,2800,2840,2730,2800,32524500,2784.31,90558290595
10/17/2014,2870,2890,2820,2870,26661000,2853.92,76088361120
10/20/2014,2880,2935,2880,2880,26278900,2863.87,75259353343
10/21/2014,2905,2910,2835,2905,8500800,2888.73,24556515984
10/22/2014,2915,2935,2910,2915,7628400,2898.67,22112214228
10/23/2014,2915,2930,2895,2915,10029500,2898.67,29072210765
10/24/2014,2895,2915,2855,2895,8449300,2878.78,24323675854
10/27/2014,2895,2915,2870,2895,9961900,2878.78,28678118482
10/28/2014,2855,2920,2835,2855,15136300,2839.01,42972107063
10/29/2014,2900,2910,2855,2900,15764100,2883.75,45459723375
10/30/2014,2890,2915,2860,2890,16306700,2873.81,46862357527
10/31/2014,2860,2910,2860,2860,8612700,2843.98,24494346546
11/3/2014,2875,2880,2865,2875,4935900,2858.89,14111195151
11/4/2014,2860,2900,2850,2860,7993800,2843.98,22734207324
11/5/2014,2800,2865,2795,2800,9438200,2784.31,26278874642
11/6/2014,2770,2825,2750,2770,17570400,2754.48,48397315392
11/7/2014,2760,2790,2750,2760,12228900,2744.54,33562705206
11/10/2014,2765,2810,2760,2765,6306300,2749.51,17339234913
11/11/2014,2880,2885,2785,2880,18084000,2863.87,51790225080
11/12/2014,2865,2900,2855,2865,10675600,2848.95,30414250620
11/13/2014,2865,2875,2840,2865,6968900,2848.95,19854047655
11/14/2014,2900,2945,2840,2900,33639700,2883.75,97008484875
11/17/2014,2900,2965,2885,2955,28746500,2938.45,84470152925
11/18/2014,3080,3105,2975,3080,54258600,3062.75,1.66181E+11
11/19/2014,3075,3140,3065,3075,13086300,3057.77,40014895551
11/20/2014,3005,3070,2985,3005,21798200,2988.17,65136727294
11/21/2014,3005,3040,3000,3005,12585100,2988.17,37606418267
11/24/2014,3035,3070,3030,3035,11872200,3018,35830299600
11/25/2014,3025,3050,3005,3025,8874600,3008.05,26695240530
11/26/2014,3020,3030,2965,3020,10888700,3003.08,32699637196
11/27/2014,3000,3030,2990,3000,10665000,2983.19,31815721350
11/28/2014,3005,3040,2990,3005,13545700,2988.17,40476854369
12/1/2014,3015,3140,3015,3120,40920800,3102.52,1.26958E+11
12/2/2014,3135,3230,3135,3215,32187400,3196.99,1.02903E+11
12/3/2014,3220,3250,3170,3195,24044200,3177.1,76390827820
12/4/2014,3195,3215,3170,3190,8681200,3172.13,27537894956
12/5/2014,3175,3200,3170,3190,5168900,3172.13,16396422757
12/8/2014,3200,3205,3100,3120,13061800,3102.52,40524495736
12/9/2014,3110,3170,3080,3115,12951500,3097.55,40117918825
12/10/2014,3115,3295,3115,3290,34851700,3271.57,1.1402E+11
12/11/2014,3270,3325,3260,3300,16865800,3281.51,55345291358
12/12/2014,3325,3350,3290,3345,14507300,3326.26,48255051698
12/15/2014,3310,3315,3275,3295,9385800,3276.54,30752949132
12/16/2014,3275,3275,3170,3220,21977600,3201.96,70371396096
12/17/2014,3175,3235,3175,3200,31170900,3182.07,99187985763
12/18/2014,3235,3320,3235,3270,31291400,3251.68,1.0175E+11
12/19/2014,3310,3365,3305,3345,21084300,3326.26,70131863718
12/22/2014,3370,3380,3310,3340,10079400,3321.29,33476610426
12/23/2014,3350,3450,3340,3425,15122700,3405.81,51505042887
12/24/2014,3430,3540,3425,3535,14692200,3515.2,51646021440
12/25/2014,3535,3535,3535,3535,0,3515.2,0
12/26/2014,3535,3535,3535,3535,0,3515.2,0
12/29/2014,3560,3730,3535,3720,13174400,3699.16,48734213504
12/30/2014,3720,3895,3630,3680,16275000,3659.38,59556409500
12/31/2014,3680,3680,3680,3680,0,3659.38,0
1/1/2015,3680,3680,3680,3680,0,3659.38,0
1/2/2015,3680,3730,3665,3675,8236700,3654.41,30100278847
1/5/2015,3680,3700,3565,3575,13277800,3554.97,47202180666
1/6/2015,3545,3585,3455,3555,38510800,3535.08,1.36139E+11
1/7/2015,3565,3660,3560,3650,26958100,3629.55,97845771855
1/8/2015,3675,3745,3675,3680,28761900,3659.38,1.05251E+11
1/9/2015,3720,3730,3670,3675,14199700,3654.41,51891525677
1/12/2015,3660,3700,3585,3600,16878300,3579.83,60421444689
1/13/2015,3620,3645,3610,3620,5114700,3599.72,18411487884
1/14/2015,3640,3660,3545,3550,14861900,3530.11,52464141809
1/15/2015,3630,3645,3555,3630,12807700,3609.66,46231442382
1/16/2015,3600,3645,3555,3565,11027300,3545.03,39092109319
1/19/2015,3570,3615,3560,3585,11377500,3564.92,40559877300
1/20/2015,3595,3615,3565,3600,12348600,3579.83,44205888738
1/21/2015,3600,3630,3570,3595,8542700,3574.86,30538956522
1/22/2015,3615,3660,3580,3640,29321800,3619.61,1.06133E+11
1/23/2015,3675,3720,3655,3655,23609000,3634.52,85807382680
1/26/2015,3625,3665,3545,3550,32194300,3530.11,1.13649E+11
1/27/2015,3580,3645,3550,3630,20342200,3609.66,73428425652
1/28/2015,3620,3685,3610,3675,13060900,3654.41,47729883569
1/29/2015,3650,3685,3640,3675,22433200,3654.41,81980110412
1/30/2015,3690,3795,3690,3745,40549900,3724.02,1.51009E+11
2/2/2015,3745,3770,3715,3765,16566900,3743.91,62024982579
2/3/2015,3780,3855,3775,3815,32236400,3793.63,1.22293E+11
2/4/2015,3850,3895,3610,3655,60964500,3634.52,2.21577E+11
2/5/2015,3690,3755,3635,3640,28989500,3619.61,1.04931E+11
2/6/2015,3650,3690,3630,3635,14267500,3614.64,51571876200
2/9/2015,3670,3670,3600,3620,10942500,3599.72,39389936100
2/10/2015,3640,3640,3555,3560,19565100,3540.06,69261627906
2/11/2015,3575,3620,3555,3555,20824300,3535.08,73615566444
2/12/2015,3550,3570,3520,3530,15888300,3510.22,55771428426
2/13/2015,3570,3575,3520,3525,11993100,3505.25,42038813775
2/16/2015,3545,3550,3460,3475,19580400,3455.53,67660659612
2/17/2015,3500,3520,3475,3495,26242000,3475.42,91201971640
2/18/2015,3525,3585,3495,3565,23823500,3545.03,84455022205
2/19/2015,3565,3565,3565,3565,0,3545.03,0
2/20/2015,3575,3665,3570,3635,33299300,3614.64,1.20365E+11
2/23/2015,3650,3700,3635,3680,36338100,3659.38,1.32975E+11
2/24/2015,3685,3690,3645,3650,10182500,3629.55,36957892875
2/25/2015,3660,3690,3645,3670,12228400,3649.44,44626812096
2/26/2015,3675,3690,3650,3675,5793000,3654.41,21169997130
2/27/2015,3675,3680,3650,3660,5707200,3639.5,20771354400
3/2/2015,3650,3660,3625,3630,7113500,3609.66,25677316410
3/3/2015,3670,3670,3590,3595,6356000,3574.86,22721810160
3/4/2015,3595,3610,3495,3545,17185400,3525.14,60580940956
3/5/2015,3515,3555,3510,3515,11227600,3495.31,39243942556
3/6/2015,3525,3540,3505,3505,10686000,3485.36,37244556960
3/9/2015,3495,3495,3415,3425,18113000,3405.81,61689436530
3/10/2015,3430,3515,3395,3485,14207800,3465.48,49236846744
3/11/2015,3410,3470,3400,3445,18108100,3425.7,62032918170
3/12/2015,3440,3510,3440,3455,11835600,3435.64,40662860784
3/13/2015,3485,3500,3370,3405,18298500,3385.92,61957257120
3/16/2015,3370,3425,3360,3400,3273000,3380.95,11065849350
3/17/2015,3420,3430,3380,3390,19896600,3371.01,67071637566
3/18/2015,3400,3530,3380,3530,19065500,3510.22,66924099410
3/19/2015,3570,3610,3550,3580,25776100,3559.94,91761369434
3/20/2015,3580,3610,3550,3600,9867000,3579.83,35322182610
3/23/2015,3610,3630,3555,3560,6898000,3540.06,24419333880
3/24/2015,3570,3595,3450,3515,5932500,3495.31,20735926575
3/25/2015,3515,3525,3450,3450,15915800,3430.67,54601857586
3/26/2015,3425,3465,3390,3400,14929800,3380.95,50476907310
3/27/2015,3400,3430,3320,3355,13510300,3336.2,45073062860
3/30/2015,3355,3430,3355,3410,7141400,3390.9,24215773260
3/31/2015,3445,3495,3410,3495,19003000,3475.42,66043406260
4/1/2015,3480,3490,3430,3440,8454900,3420.73,28921930077
4/2/2015,3400,3435,3340,3350,18839300,3331.23,62758041339
4/3/2015,3350,3350,3350,3350,0,3331.23,0
4/6/2015,3350,3375,3310,3310,7510600,3291.46,24720839476
4/7/2015,3330,3500,3325,3490,17082300,3470.45,59283268035
4/8/2015,3520,3600,3440,3595,27484700,3574.86,98253954642
4/9/2015,3600,3620,3555,3595,15743900,3574.86,56282238354
4/10/2015,3595,3605,3560,3560,10233700,3540.06,36227912022
4/13/2015,3525,3560,3510,3525,7194400,3505.25,25218170600
4/14/2015,3500,3530,3460,3510,8753400,3490.34,30552342156
4/15/2015,3510,3575,3500,3530,8889700,3510.22,31204802734
4/16/2015,3555,3585,3545,3555,12088400,3535.08,42733461072
4/17/2015,3550,3600,3545,3580,8606500,3559.94,30638623610
4/20/2015,3550,3580,3535,3565,4184100,3545.03,14832760023
4/21/2015,3610,3610,3565,3585,6341100,3564.92,22605514212
4/22/2015,3570,3600,3565,3575,6267900,3554.97,22282196463
4/23/2015,3585,3595,3520,3530,7690300,3530,27146759000
4/24/2015,3500,3540,3500,3510,4354900,3510,15285699000
4/27/2015,3515,3515,3345,3370,11668900,3370,39324193000
4/28/2015,3370,3420,3340,3370,12963600,3370,43687332000
4/29/2015,3380,3400,3080,3235,26191500,3235,84729502500
4/30/2015,3220,3265,2930,2985,58660800,2985,1.75102E+11
5/1/2015,2985,2985,2985,2985,0,2985,0
5/4/2015,2980,3035,2870,2975,9398300,2975,27959942500
5/5/2015,2955,3010,2835,2890,23501700,2890,67919913000
5/6/2015,2890,2980,2860,2970,46004100,2970,1.36632E+11
5/7/2015,2970,3150,2920,3020,66809900,3020,2.01766E+11
5/8/2015,3030,3125,3030,3100,28909800,3100,89620380000
5/11/2015,3125,3165,3095,3125,13050000,3125,40781250000
5/12/2015,3100,3125,3070,3105,14669300,3105,45548176500
5/13/2015,3105,3105,3030,3080,15656100,3080,48220788000
5/14/2015,3080,3080,3080,3080,0,3080,0
5/15/2015,3100,3100,3060,3095,3789500,3095,11728502500
5/18/2015,3090,3130,3070,3090,8282400,3090,25592616000
5/19/2015,3090,3245,3045,3235,15472900,3235,50054831500
5/20/2015,3245,3370,3190,3335,30294100,3335,1.01031E+11
5/21/2015,3360,3390,3305,3340,17701600,3340,59123344000
5/22/2015,3350,3360,3330,3350,5384400,3350,18037740000
5/25/2015,3350,3360,3300,3335,6096800,3335,20332828000
5/26/2015,3335,3350,3260,3275,6568500,3275,21511837500
5/27/2015,3250,3285,3165,3175,10882000,3175,34550350000
5/28/2015,3185,3205,3145,3155,4055300,3155,12794471500
5/29/2015,3175,3180,3130,3140,7391000,3140,23207740000
6/1/2015,3110,3150,3000,3050,9698500,3050,29580425000
6/2/2015,3050,3050,3050,3050,0,3050,0
6/3/2015,3000,3125,2985,3125,7840900,3125,24502812500
6/4/2015,3130,3190,3125,3125,7285500,3125,22767187500
6/5/2015,3125,3125,3025,3045,6037800,3045,18385101000
6/8/2015,3050,3055,2930,2930,5678300,2930,16637419000
6/9/2015,2920,2925,2725,2800,22326300,2800,62513640000
6/10/2015,2800,2840,2750,2760,17607100,2760,48595596000
6/11/2015,2800,2820,2750,2755,8428400,2755,23220242000
6/12/2015,2755,2770,2635,2660,7061200,2660,18782792000
6/15/2015,2660,2665,2545,2550,13382700,2550,34125885000
6/16/2015,2550,2645,2510,2600,9807400,2600,25499240000
6/17/2015,2670,2720,2640,2670,9044800,2670,24149616000
6/18/2015,2700,2720,2640,2690,9336600,2690,25115454000
6/19/2015,2730,2785,2715,2725,15640700,2725,42620907500
6/22/2015,2725,2765,2705,2740,12628800,2740,34602912000
6/23/2015,2755,2780,2720,2750,9366600,2750,25758150000
6/24/2015,2760,2775,2700,2700,6576300,2700,17756010000
6/25/2015,2695,2730,2645,2660,5659000,2660,15052940000
6/26/2015,2655,2665,2605,2610,6291900,2610,16421859000
6/29/2015,2580,2580,2495,2510,11728900,2510,29439539000
6/30/2015,2500,2570,2480,2505,13999000,2505,35067495000
7/1/2015,2525,2590,2515,2570,9872800,2570,25373096000
7/2/2015,2595,2995,2595,2895,36159000,2895,1.0468E+11
7/3/2015,2895,2970,2865,2920,27446400,2920,80143488000
7/6/2015,2855,2925,2835,2850,9573200,2850,27283620000
7/7/2015,2895,3000,2885,2975,25374100,2975,75487947500
7/8/2015,2975,3020,2900,2950,26108900,2950,77021255000
7/9/2015,2910,2990,2850,2985,13658800,2985,40771518000
7/10/2015,3000,3095,2980,3095,20501600,3095,63452452000
7/13/2015,3100,3175,3080,3150,14504700,3150,45689805000
7/14/2015,3175,3190,3130,3150,23238500,3150,73201275000
7/15/2015,3150,3165,3080,3080,4374500,3080,13473460000
7/16/2015,3080,3080,3080,3080,0,3080,0
7/17/2015,3080,3080,3080,3080,0,3080,0
7/20/2015,3080,3080,3080,3080,0,3080,0
7/21/2015,3080,3080,3080,3080,0,3080,0
7/22/2015,3080,3140,3080,3105,7549400,3105,23440887000
7/23/2015,3080,3120,3080,3105,2255500,3105,7003327500
7/24/2015,3100,3100,3030,3035,5527100,3035,16774748500
7/27/2015,3000,3100,2925,2935,5214200,2935,15303677000
7/28/2015,2890,2965,2825,2830,8085200,2830,22881116000
7/29/2015,2880,2910,2800,2800,6539500,2800,18310600000
7/30/2015,2820,2835,2625,2645,8954500,2645,23684652500
7/31/2015,2645,2725,2620,2655,47297700,2655,1.25575E+11
8/3/2015,2660,2700,2650,2670,18127100,2670,48399357000
8/4/2015,2680,2695,2640,2650,9536800,2650,25272520000
8/5/2015,2675,2710,2650,2680,27408400,2680,73454512000
8/6/2015,2690,2730,2670,2680,22936800,2680,61470624000
8/7/2015,2670,2700,2650,2670,13198400,2670,35239728000
8/10/2015,2650,2670,2625,2650,5951000,2650,15770150000
8/11/2015,2670,2685,2520,2545,13154600,2545,33478457000
8/12/2015,2490,2495,2435,2465,17977500,2465,44314537500
8/13/2015,2500,2680,2490,2665,25260000,2665,67317900000
8/14/2015,2680,2770,2630,2760,24314200,2760,67107192000
8/17/2015,2760,2760,2760,2760,0,2760,0
8/18/2015,2765,2775,2675,2705,20600200,2705,55723541000
8/19/2015,2705,2745,2700,2715,17030900,2715,46238893500
8/20/2015,2710,2730,2680,2720,15410500,2720,41916560000
8/21/2015,2680,2685,2570,2635,27474800,2635,72396098000
8/24/2015,2500,2530,2370,2460,25489700,2460,62704662000
8/25/2015,2505,2665,2505,2570,28859600,2570,74169172000
8/26/2015,2555,2590,2480,2555,13389100,2555,34209150500
8/27/2015,2610,2745,2610,2710,18506500,2710,50152615000
8/28/2015,2765,2780,2660,2670,11548200,2670,30833694000
8/31/2015,2670,2835,2645,2765,16925500,2765,46799007500
9/1/2015,2750,2760,2695,2730,9239600,2730,25224108000
9/2/2015,2700,2800,2665,2730,7268500,2730,19843005000
9/3/2015,2770,2920,2770,2890,20256300,2890,58540707000
9/4/2015,2870,2870,2750,2750,15238900,2750,41906975000
9/7/2015,2770,2795,2620,2625,11337400,2625,29760675000
9/8/2015,2620,2710,2615,2710,21268100,2710,57636551000
9/9/2015,2790,2810,2740,2760,10254200,2760,28301592000
9/10/2015,2700,2770,2680,2720,4625100,2720,12580272000
9/11/2015,2730,2755,2685,2685,4655900,2685,12501091500
9/14/2015,2740,2745,2630,2640,6024900,2640,15905736000
9/15/2015,2640,2675,2615,2675,3218800,2675,8610290000
9/16/2015,2690,2725,2650,2660,5927300,2660,15766618000
9/17/2015,2690,2730,2655,2725,6032200,2725,16437745000
9/18/2015,2750,2830,2710,2710,13403600,2710,36323756000
9/21/2015,2680,2740,2675,2685,6740000,2685,18096900000
9/22/2015,2690,2710,2640,2650,6342400,2650,16807360000
9/23/2015,2630,2630,2605,2625,7325700,2625,19229962500
9/24/2015,2625,2625,2625,2625,0,2625,0
9/25/2015,2600,2680,2600,2660,5549700,2660,14762202000
9/28/2015,2670,2690,2610,2635,7059700,2635,18602309500
9/29/2015,2600,2630,2485,2590,10562800,2590,27357652000
9/30/2015,2590,2620,2550,2590,4206900,2590,10895871000
10/1/2015,2605,2670,2580,2665,6526300,2665,17392589500
10/2/2015,2690,2700,2615,2625,4363600,2625,11454450000
10/5/2015,2675,2950,2660,2940,27270900,2940,80176446000
10/6/2015,2955,2970,2815,2835,28401400,2835,80517969000
10/7/2015,2855,2950,2855,2920,20039000,2920,58513880000
10/8/2015,2950,2990,2910,2940,15593700,2940,45845478000
10/9/2015,2990,3030,2970,3015,22283600,3015,67185054000
10/12/2015,3000,3085,2975,3000,8279900,3000,24839700000
10/13/2015,2990,3060,2940,3050,14017400,3050,42753070000
10/14/2015,3050,3050,3050,3050,0,3050,0
10/16/2015,3015,3030,2955,2955,5972900,2955,17649919500
10/19/2015,2960,2995,2960,2975,2706600,2975,8052135000
10/20/2015,2960,3110,2960,3060,23273200,3060,71215992000
10/21/2015,3080,3135,3060,3100,18016800,3100,55852080000
10/22/2015,3100,3115,3045,3045,8487600,3045,25844742000
10/23/2015,3125,3140,3090,3110,10059700,3110,31285667000
10/26/2015,3110,3150,3110,3130,7394400,3130,23144472000
10/27/2015,3035,3100,3035,3075,6818700,3075,20967502500
10/28/2015,3065,3100,3050,3080,5205300,3080,16032324000
10/29/2015,3090,3095,2930,2930,7636100,2930,22373773000
10/30/2015,2950,2970,2890,2940,4848800,2940,14255472000
11/2/2015,2890,2890,2780,2800,12522500,2800,35063000000
11/3/2015,2850,2880,2810,2845,15071300,2845,42877848500
11/4/2015,2855,2920,2855,2880,13043700,2880,37565856000
11/5/2015,2885,2920,2860,2870,8620100,2870,24739687000
11/6/2015,2875,2895,2865,2885,3220000,2885,9289700000
11/9/2015,2895,2895,2715,2730,12155900,2730,33185607000
11/10/2015,2700,2795,2690,2755,9853300,2755,27145841500
11/11/2015,2785,2790,2720,2760,3744900,2760,10335924000
11/12/2015,2765,2835,2765,2830,5493400,2830,15546322000
11/13/2015,2795,2810,2740,2790,4033500,2790,11253465000
11/16/2015,2760,2765,2715,2755,4962900,2755,13672789500
11/17/2015,2780,2835,2780,2815,4056200,2815,11418203000
11/18/2015,2825,2830,2790,2800,2567300,2800,7188440000
11/19/2015,2825,2865,2805,2835,6376400,2835,18077094000
11/20/2015,2850,2915,2835,2905,22487400,2905,65325897000
11/23/2015,2925,2950,2870,2870,6685100,2870,19186237000
11/24/2015,2870,2890,2850,2850,3996800,2850,11390880000
11/25/2015,2855,2895,2850,2875,7498300,2875,21557612500
11/26/2015,2890,2905,2885,2890,6483000,2890,18735870000
11/27/2015,2905,2905,2820,2835,5381200,2835,15255702000
11/30/2015,2810,2865,2775,2815,5281600,2815,14867704000
12/1/2015,2865,2870,2845,2865,5561900,2865,15934843500
12/2/2015,2880,2880,2800,2805,4952600,2805,13892043000
12/3/2015,2795,2835,2790,2805,5337300,2805,14971126500
12/4/2015,2780,2790,2730,2750,11180900,2750,30747475000
12/7/2015,2725,2780,2725,2770,9367800,2770,25948806000
12/8/2015,2750,2760,2690,2735,14776500,2735,40413727500
12/9/2015,2735,2735,2735,2735,0,2735,0
12/10/2015,2725,2730,2685,2690,5688100,2690,15300989000
12/11/2015,2690,2700,2670,2675,8427100,2675,22542492500
12/14/2015,2645,2655,2610,2635,9757100,2635,25709958500
12/15/2015,2635,2660,2595,2620,15703100,2620,41142122000
12/16/2015,2630,2645,2615,2630,16997800,2630,44704214000
12/17/2015,2675,2720,2650,2675,9694500,2675,25932787500
12/18/2015,2650,2660,2635,2640,9332600,2640,24638064000
12/21/2015,2640,2640,2535,2600,20335500,2600,52872300000
12/22/2015,2600,2620,2585,2610,5691800,2610,14855598000
12/23/2015,2640,2640,2600,2600,6575400,2600,17096040000
12/24/2015,2600,2600,2600,2600,0,2600,0
12/25/2015,2600,2600,2600,2600,0,2600,0
12/28/2015,2600,2640,2585,2625,8876100,2625,23299762500
12/29/2015,2610,2655,2610,2620,4702900,2620,12321598000
12/30/2015,2635,2670,2625,2640,9421700,2640,24873288000
12/31/2015,2640,2640,2640,2640,0,2640,0
1/1/2016,2640,2640,2640,2640,0,2640,0
